-- phpMyAdmin SQL Dump
-- version 5.2.1-1.el8
-- https://www.phpmyadmin.net/
--
-- ╨е╨╛╤Б╤В: localhost
-- ╨Т╤А╨╡╨╝╤П ╤Б╨╛╨╖╨┤╨░╨╜╨╕╤П: ╨Ь╨░╨╣ 04 2025 ╨│., 23:33
-- ╨Т╨╡╤А╤Б╨╕╤П ╤Б╨╡╤А╨▓╨╡╤А╨░: 8.0.25-15
-- ╨Т╨╡╤А╤Б╨╕╤П PHP: 8.2.25

SET SQL_MODE = "NO_AUTO_VALUE_ON_ZERO";
START TRANSACTION;
SET time_zone = "+00:00";


/*!40101 SET @OLD_CHARACTER_SET_CLIENT=@@CHARACTER_SET_CLIENT */;
/*!40101 SET @OLD_CHARACTER_SET_RESULTS=@@CHARACTER_SET_RESULTS */;
/*!40101 SET @OLD_COLLATION_CONNECTION=@@COLLATION_CONNECTION */;
/*!40101 SET NAMES utf8mb4 */;

--
-- ╨С╨░╨╖╨░ ╨┤╨░╨╜╨╜╤Л╤Е: `u3094569_default`
--

-- --------------------------------------------------------

--
-- ╨б╤В╤А╤Г╨║╤В╤Г╤А╨░ ╤В╨░╨▒╨╗╨╕╤Ж╤Л `banned_ips`
--

CREATE TABLE `banned_ips` (
  `id` int NOT NULL,
  `ip_address` varchar(45) COLLATE utf8mb4_unicode_ci NOT NULL,
  `reason` text COLLATE utf8mb4_unicode_ci,
  `banned_by` int DEFAULT NULL,
  `banned_at` timestamp NOT NULL DEFAULT CURRENT_TIMESTAMP
) ENGINE=InnoDB DEFAULT CHARSET=utf8mb4 COLLATE=utf8mb4_unicode_ci;

--
-- ╨Ф╨░╨╝╨┐ ╨┤╨░╨╜╨╜╤Л╤Е ╤В╨░╨▒╨╗╨╕╤Ж╤Л `banned_ips`
--

INSERT INTO `banned_ips` (`id`, `ip_address`, `reason`, `banned_by`, `banned_at`) VALUES
(1, '2a02:6ea0:c041:2338::11', '1) ╤П ╨╜╨╡ ╨▓╤Л╤С╨▒╤Л╨▓╨░╨╗╤Б╤П ╤З╤В╨╛ ╤Б╨╛╨╖╨┤╨░╨╗ ╤Б╨░╨╣╤В\n2) ╤Н╤В╨╛ ╨╝╨╛╨╣ ╨┐╨╡╤А╨▓╤Л╨╣ ╤Б╨░╨╣╤В\n╨┐╨╛╤З╨╡╨╝╤Г ╤В╤Л ╤В╨░╨║╨╛╨╣ ╨╜╨╡╨╜╨░╨▓╨╕╤Б╤В╨╜╤Л╨╣ ╤З╤В╨╛ ╤П ╤В╨╡╨▒╨╡ ╤Б╨┤╨╡╨╗╨░╨╗?', NULL, '2025-04-16 11:29:34'),
(3, '212.102.51.113', '╨╜╨╡╤В(', NULL, '2025-04-16 11:42:47'),
(4, '185.107.56.80', '', NULL, '2025-04-16 11:45:57'),
(5, '194.59.6.24', '', NULL, '2025-04-16 11:47:20'),
(6, '194.59.6.119', '', NULL, '2025-04-16 11:49:27'),
(7, '69.0.0.2', '', NULL, '2025-04-16 19:15:20'),
(8, '69.0.0.3', '', NULL, '2025-04-16 19:15:32');

-- --------------------------------------------------------

--
-- ╨б╤В╤А╤Г╨║╤В╤Г╤А╨░ ╤В╨░╨▒╨╗╨╕╤Ж╤Л `categories`
--

CREATE TABLE `categories` (
  `category_id` int NOT NULL,
  `name` varchar(255) NOT NULL,
  `slug` varchar(255) NOT NULL,
  `created_at` timestamp NULL DEFAULT CURRENT_TIMESTAMP
) ENGINE=InnoDB DEFAULT CHARSET=utf8mb4 COLLATE=utf8mb4_0900_ai_ci;

--
-- ╨Ф╨░╨╝╨┐ ╨┤╨░╨╜╨╜╤Л╤Е ╤В╨░╨▒╨╗╨╕╤Ж╤Л `categories`
--

INSERT INTO `categories` (`category_id`, `name`, `slug`, `created_at`) VALUES
(1, 'Dota 2', 'dota2', '2025-04-15 14:04:25'),
(2, 'CS2', 'cs2', '2025-04-15 14:04:25'),
(3, 'Roblox', 'roblox', '2025-04-15 14:04:25'),
(4, 'Other', 'other', '2025-04-15 14:04:25'),
(5, '╨Ч╨░╤П╨▓╨║╨╕ ╨╜╨░ ╤А╨╛╨╗╨╕', '╨╖╨░╤П╨▓╨║╨╕ ╨╜╨░ ╤А╨╛╨╗╨╕', '2025-04-15 14:04:25');

-- --------------------------------------------------------

--
-- ╨б╤В╤А╤Г╨║╤В╤Г╤А╨░ ╤В╨░╨▒╨╗╨╕╤Ж╤Л `comments`
--

CREATE TABLE `comments` (
  `comment_id` int NOT NULL,
  `post_id` int NOT NULL,
  `user_id` int NOT NULL,
  `content` text NOT NULL,
  `created_at` datetime NOT NULL
) ENGINE=InnoDB DEFAULT CHARSET=utf8mb4 COLLATE=utf8mb4_0900_ai_ci;

--
-- ╨Ф╨░╨╝╨┐ ╨┤╨░╨╜╨╜╤Л╤Е ╤В╨░╨▒╨╗╨╕╤Ж╤Л `comments`
--

INSERT INTO `comments` (`comment_id`, `post_id`, `user_id`, `content`, `created_at`) VALUES
(5306, 44, 5382, '╨░ ╨┤╨░, ╤Б╨╛╤Д╤В ╤Д╤А╨╕╤И╨╜╤Л╨╣, ╨╜╨╡ ╤Б╨╕╨╗╨╡╨╜ ╤З╨╕╤Б╤В╨╛ ╨┐╨╛╨┐╤А╨╛╨▒╨╛╨▓╨░╤В╤М ╤Б╤Л╨│╤А╨░╤В╤М ╤Б ╤Б╨╛╤Д╤В╨╛╨╝', '2025-04-16 15:07:53'),
(5346, 44, 5424, '╨┐╨╡╨╜╨╡╤Б╨┤╨╕╨╗╨┤╨╛', '2025-04-21 17:41:07'),
(5347, 40, 5431, 'j0tqba3a', '2025-04-22 20:51:24');

-- --------------------------------------------------------

--
-- ╨б╤В╤А╤Г╨║╤В╤Г╤А╨░ ╤В╨░╨▒╨╗╨╕╤Ж╤Л `comment_bans`
--

CREATE TABLE `comment_bans` (
  `id` int NOT NULL,
  `ip` varchar(45) NOT NULL,
  `ban_until` datetime NOT NULL,
  `ban_count` int DEFAULT '1',
  `created_at` timestamp NULL DEFAULT CURRENT_TIMESTAMP
) ENGINE=InnoDB DEFAULT CHARSET=utf8mb4 COLLATE=utf8mb4_0900_ai_ci;

--
-- ╨Ф╨░╨╝╨┐ ╨┤╨░╨╜╨╜╤Л╤Е ╤В╨░╨▒╨╗╨╕╤Ж╤Л `comment_bans`
--

INSERT INTO `comment_bans` (`id`, `ip`, `ban_until`, `ban_count`, `created_at`) VALUES
(5, '2a0d:5600:4f:23::11', '2025-04-16 16:38:58', 1, '2025-04-16 13:33:58'),
(6, '95.221.9.22', '2025-04-16 22:32:53', 2, '2025-04-16 19:02:31'),
(7, '176.15.165.85', '2025-04-21 00:34:10', 1, '2025-04-20 21:29:10');

-- --------------------------------------------------------

--
-- ╨б╤В╤А╤Г╨║╤В╤Г╤А╨░ ╤В╨░╨▒╨╗╨╕╤Ж╤Л `likes`
--

CREATE TABLE `likes` (
  `like_id` int NOT NULL,
  `post_id` int NOT NULL,
  `user_id` int NOT NULL,
  `created_at` timestamp NULL DEFAULT CURRENT_TIMESTAMP
) ENGINE=InnoDB DEFAULT CHARSET=utf8mb4 COLLATE=utf8mb4_0900_ai_ci;

--
-- ╨Ф╨░╨╝╨┐ ╨┤╨░╨╜╨╜╤Л╤Е ╤В╨░╨▒╨╗╨╕╤Ж╤Л `likes`
--

INSERT INTO `likes` (`like_id`, `post_id`, `user_id`, `created_at`) VALUES
(32, 44, 5410, '2025-04-20 17:29:24'),
(40, 38, 5410, '2025-04-20 20:52:25'),
(41, 40, 5410, '2025-04-20 21:01:51'),
(42, 41, 5410, '2025-04-20 21:01:56'),
(43, 39, 5410, '2025-04-21 13:17:47'),
(45, 44, 5424, '2025-04-21 14:40:56'),
(46, 44, 5427, '2025-04-22 10:14:36'),
(47, 40, 5427, '2025-04-22 10:14:37'),
(51, 39, 5447, '2025-04-24 19:27:34');

-- --------------------------------------------------------

--
-- ╨б╤В╤А╤Г╨║╤В╤Г╤А╨░ ╤В╨░╨▒╨╗╨╕╤Ж╤Л `posts`
--

CREATE TABLE `posts` (
  `post_id` int NOT NULL,
  `user_id` int NOT NULL,
  `title` varchar(255) NOT NULL,
  `content` text NOT NULL,
  `created_at` timestamp NULL DEFAULT CURRENT_TIMESTAMP,
  `category_id` int DEFAULT NULL
) ENGINE=InnoDB DEFAULT CHARSET=utf8mb4 COLLATE=utf8mb4_0900_ai_ci;

--
-- ╨Ф╨░╨╝╨┐ ╨┤╨░╨╜╨╜╤Л╤Е ╤В╨░╨▒╨╗╨╕╤Ж╤Л `posts`
--

INSERT INTO `posts` (`post_id`, `user_id`, `title`, `content`, `created_at`, `category_id`) VALUES
(38, 5410, 'ЁЯРмЁЯРмЁЯРмtop executersЁЯРмЁЯРмЁЯРм', 'JJSploit: (╤А╨╡╨║╨╛╨╝╨╡╨╜╨┤╤Г╤О)\r\nhttps://wearedevs.net/d/JJSploit\r\nXeno:\r\nhttps://xenoexecutor.com/xeno-executor-v1-1-8/\r\nSolara:\r\nhttps://wearedevs.net/d/Solara\r\nZorara:\r\nhttps://wearedevs.net/d/Zorara', '2025-04-15 15:54:26', 3),
(39, 5410, 'BeanzHub', 'loadstring(game:HttpGet(\"https://raw.githubusercontent.com/pid4k/scripts/main/BeanzHub.lua\", true))()', '2025-04-15 15:57:08', 3),
(40, 5410, 'MIDNIGHT', 'MIDNIGHT:\r\nhttps://midnight.im/join/464922/', '2025-04-15 15:59:13', 2),
(41, 5410, 'UMBRELLA тАФ DOTA 2', 'https://uc.zone/?referrer=0856b19f', '2025-04-16 11:02:44', 1),
(44, 5382, 'sharkhack', 'https://www.shark-software.ru/index\r\n╨╡╤Б ╨╜╨░╨┤╨╛ ╨╜╨╛╤А╨╝ ╨║╤Д╨│ ╨╛╤В╨┐╨╕╤И╨╕╤В╨╡ ╨▓ ╨╗╤Б @killfeedov\r\n╨┐╨╛╤В╨╛╨╝ ╨╡╤Й╨╡ ╨┐╨░╤А╤Г ╤Б╨╛╤Д╤В╨╛╨▓ ╨╕ ╤Б╤З ╨┐╨╛ ╨╖╨░╨║╨╕╨┤╤Л╨▓╨░╤О ╤Д╤А╨╕╤И╨╜╤Л╤Е', '2025-04-16 12:07:02', 2);

-- --------------------------------------------------------

--
-- ╨б╤В╤А╤Г╨║╤В╤Г╤А╨░ ╤В╨░╨▒╨╗╨╕╤Ж╤Л `role_requests`
--

CREATE TABLE `role_requests` (
  `request_id` int NOT NULL,
  `user_id` int NOT NULL,
  `requested_role` varchar(50) NOT NULL,
  `request_text` text NOT NULL,
  `status` enum('pending','approved','rejected') DEFAULT 'pending',
  `created_at` datetime NOT NULL,
  `processed_at` datetime DEFAULT NULL
) ENGINE=InnoDB DEFAULT CHARSET=utf8mb4 COLLATE=utf8mb4_0900_ai_ci;

--
-- ╨Ф╨░╨╝╨┐ ╨┤╨░╨╜╨╜╤Л╤Е ╤В╨░╨▒╨╗╨╕╤Ж╤Л `role_requests`
--

INSERT INTO `role_requests` (`request_id`, `user_id`, `requested_role`, `request_text`, `status`, `created_at`, `processed_at`) VALUES
(4, 5420, 'guest', '╤Е╨╛╤З╤Г', 'approved', '2025-04-21 17:10:45', '2025-04-21 17:11:54'),
(5, 5423, 'admin', '╤П @agenser ╨╕ ╤П ╨┤╤Г╨╝╨░╤О ╤П ╨╖╨░╤Б╨╗╤Г╨╢╨╕╨▓╨░╤О ╤Н╤В╨╛╨╣ ╤А╨╛╨╗╨╕', 'approved', '2025-04-21 17:19:42', '2025-04-21 17:27:45'),
(6, 5422, 'vip', '╨┐╨░╤В╨░╨╝╤Г╤З╤В╨╛', 'rejected', '2025-04-21 17:28:00', '2025-04-21 17:28:20'),
(8, 5428, 'vip', '╨┐╨╛╤В╨╛╨╝╤Г ╤З╤В╨╛ ╤П ╨║╤А╤Г╤В╨╛╨╣, ╤А╨░╨╖╨▓╨╡ ╨╜╨╡ ╤В╨░╨║?', 'approved', '2025-04-22 14:19:30', '2025-04-28 11:26:04'),
(9, 5429, 'writer', '╤Е╨╛╤З╤Г ╨┐╨╛╤Б╤В╨╕╤В╤М ╤З╨╕╤В╤Л ╤Б╨░╤А', 'approved', '2025-04-22 16:02:04', '2025-04-28 11:26:00'),
(10, 5430, 'vi\'p', 'yeezus\r\n\'', 'approved', '2025-04-22 20:21:03', '2025-04-28 11:25:53'),
(11, 5431, 'vip<>;\'\"', 'TSS', 'rejected', '2025-04-22 20:23:51', '2025-04-28 11:25:49'),
(12, 5433, 'admin', '╤Е╨╛╤З╤Г', 'rejected', '2025-04-22 20:53:17', '2025-04-28 11:25:46'),
(13, 5432, 'admin', '╨┤╨░╨╣', 'rejected', '2025-04-22 21:08:02', '2025-04-28 11:25:43'),
(14, 5434, 'tester', 'ye', 'rejected', '2025-04-22 23:09:03', '2025-04-28 11:25:40'),
(15, 5436, 'In the shimmering depths of the Whispering Waters,', 'Da', 'rejected', '2025-04-22 23:11:22', '2025-04-28 11:25:37'),
(16, 5439, 'feil\n Header-Test:BLATRUC', 'he\n Header-Test:BLATRUC', 'rejected', '2025-04-23 21:45:44', '2025-04-28 11:25:34');

-- --------------------------------------------------------

--
-- ╨б╤В╤А╤Г╨║╤В╤Г╤А╨░ ╤В╨░╨▒╨╗╨╕╤Ж╤Л `suggestions`
--

CREATE TABLE `suggestions` (
  `suggestion_id` int NOT NULL,
  `user_id` int NOT NULL,
  `content` text COLLATE utf8mb4_unicode_ci NOT NULL,
  `status` enum('pending','approved','rejected') COLLATE utf8mb4_unicode_ci NOT NULL DEFAULT 'pending',
  `created_at` datetime NOT NULL DEFAULT CURRENT_TIMESTAMP
) ENGINE=InnoDB DEFAULT CHARSET=utf8mb4 COLLATE=utf8mb4_unicode_ci;

--
-- ╨Ф╨░╨╝╨┐ ╨┤╨░╨╜╨╜╤Л╤Е ╤В╨░╨▒╨╗╨╕╤Ж╤Л `suggestions`
--

INSERT INTO `suggestions` (`suggestion_id`, `user_id`, `content`, `status`, `created_at`) VALUES
(1, 5449, 'delff ╤В╤Л ╨┐╨╕╨┤╨╛╤А ╨╡╨▒╨░╨╜╤Л╨╣', 'rejected', '2025-04-28 11:09:19'),
(14, 5453, 'nigga', 'pending', '2025-04-28 18:14:32');

-- --------------------------------------------------------

--
-- ╨б╤В╤А╤Г╨║╤В╤Г╤А╨░ ╤В╨░╨▒╨╗╨╕╤Ж╤Л `users`
--

CREATE TABLE `users` (
  `user_id` int NOT NULL,
  `username` varchar(50) CHARACTER SET utf8mb4 COLLATE utf8mb4_unicode_ci NOT NULL,
  `display_name` varchar(50) CHARACTER SET utf8mb4 COLLATE utf8mb4_unicode_ci DEFAULT NULL,
  `password_hash` varchar(255) CHARACTER SET utf8mb4 COLLATE utf8mb4_unicode_ci NOT NULL,
  `avatar` varchar(255) CHARACTER SET utf8mb4 COLLATE utf8mb4_unicode_ci DEFAULT '333.png',
  `bio` text CHARACTER SET utf8mb4 COLLATE utf8mb4_unicode_ci,
  `is_active` tinyint(1) DEFAULT '1',
  `role` enum('admin','moderator','vip','premium','helper','designer','developer','tester','writer','support','guest','small osint','user') CHARACTER SET utf8mb4 COLLATE utf8mb4_unicode_ci NOT NULL DEFAULT 'user',
  `created_at` timestamp NULL DEFAULT CURRENT_TIMESTAMP,
  `last_activity` timestamp NULL DEFAULT NULL,
  `last_ip` varchar(45) CHARACTER SET utf8mb4 COLLATE utf8mb4_unicode_ci DEFAULT NULL
) ENGINE=InnoDB DEFAULT CHARSET=utf8mb4 COLLATE=utf8mb4_unicode_ci;

--
-- ╨Ф╨░╨╝╨┐ ╨┤╨░╨╜╨╜╤Л╤Е ╤В╨░╨▒╨╗╨╕╤Ж╤Л `users`
--

INSERT INTO `users` (`user_id`, `username`, `display_name`, `password_hash`, `avatar`, `bio`, `is_active`, `role`, `created_at`, `last_activity`, `last_ip`) VALUES
(5382, 'koru_ueban', 'koru -_-', '$2y$10$adxF9fka.BWx5AssYQG/juwdCpLcybWT5ApgwVjq6u1E3Ey5ld2m6', 'avatar_5382_67ff9dc42fed0.jpg', '', 1, 'writer', '2025-04-16 11:57:08', '2025-04-16 12:07:03', '94.230.145.208'),
(5410, 'admin', 'Delf', '$2y$10$mM/98m71JU7dRVjbXsI5IuC/W1JReEtVN19qdbcnjRVtgJ3DdbpiW', 'avatar_5410_680523821a8c8.jpg', 'dfd', 1, 'admin', '2025-04-16 19:59:26', '2025-05-01 10:11:55', '95.24.220.98'),
(5420, 'wampirovvsky', 'wampirovvsky', '$2y$10$qOBKAR0uQYN4ye//9X.clONQnrZrBH6wtrjW83jyY.wfAiCaa8asO', '333.png', NULL, 1, 'guest', '2025-04-21 14:09:18', '2025-04-21 14:10:45', '176.59.164.201'),
(5421, 'SIGMA', 'CAMPUS', '$2y$10$.guygs6RaZDtWknOBV/KDO6K1hcdKt.94nQPDEapfXApfjQThFjVe', '333.png', NULL, 1, 'user', '2025-04-21 14:10:54', '2025-04-21 14:11:11', '77.51.139.150'),
(5422, 'danegma', 'danegma', '$2y$10$rpA0pOXvv5oAR.RlYEWLPuJ.I4PQ1xPVZPn5DHkEQ8zHDEorcdBtK', '333.png', NULL, 1, 'user', '2025-04-21 14:12:56', '2025-04-21 14:28:20', '193.32.202.28'),
(5423, 'agenser', 'agenser', '$2y$10$IArqjvnGPSmK7EbVPU0x3ePwZNyb4LgpnUZlgaRuarcLuNdWBt3lS', '333.png', NULL, 1, 'admin', '2025-04-21 14:18:47', '2025-04-21 14:19:42', '178.205.221.13'),
(5424, 'v4rmUt', 'v4rmUt', '$2y$10$MTLERlY/XQIhswOayAvjEeSrutVEION29IlQb98/dfoEUxQOqLICW', '333.png', NULL, 1, 'user', '2025-04-21 14:40:51', '2025-04-21 14:41:07', '81.200.250.83'),
(5425, '0007', '0007', '$2y$10$KpMGoW2HMAdVc73UA/dOOea/qDk5AdDHSTAVUTWrelkqDl0/NmAd.', '333.png', NULL, 1, 'user', '2025-04-21 15:51:55', '2025-04-21 15:53:33', '89.105.214.119'),
(5426, 'Hokage', 'Hokage', '$2y$10$f.nbbEv./wYQ23nUFyTvHuoyMk8zVQpH.rKauAXc9o5ia.GiPTHAK', '333.png', NULL, 1, 'user', '2025-04-21 16:34:08', '2025-04-21 16:34:38', '176.213.208.1'),
(5427, 'delf', 'delf', '$2y$10$UpnycUW9hNztYwFGrF9VHuBr08cF2NMFGjq7MhbUSeVH9WVjP3zGO', '333.png', NULL, 1, 'user', '2025-04-21 17:29:58', '2025-04-22 10:14:55', '176.15.165.85'),
(5428, 'SocietyCrime', '╨╛╨▒╤Й╨╡╤Б╤В╨▓╨╛', '$2y$10$DoOX0LRt60AMp5CwPvkPVed1AXEnaXUgJ8N8hpa0h0GBUaAzgEeaa', '333.png', NULL, 1, 'vip', '2025-04-22 11:17:55', '2025-04-22 11:20:01', '46.48.175.2'),
(5429, 'yeezus', 'yeezus', '$2y$10$7Nj3Asgphb/y0i1bjaaZ3.z3UTQd9FNyGFnsZFNO1/PuCZjzGOvni', '333.png', NULL, 1, 'writer', '2025-04-22 13:00:50', '2025-04-22 13:02:19', '176.59.15.178'),
(5430, 'ogonyok', 'ogonyok', '$2y$10$nqKlUIejx1MFuJm1wXGjIuvLIEIlAjETFMp0hPpGEvvfEaYhRidju', '333.png', NULL, 1, '', '2025-04-22 17:16:51', '2025-04-22 17:22:32', '6.6.6.6'),
(5431, 'xpan', 'j0tqba3a', '$2y$10$TRoHi9zT/9wKYKvsvvf/OO.Q6He7SOKhL4QOUfh9Sz6CGp6EI/h6O', 'avatar_5431_6807d16e7f151.gif', 'j0tqba3a', 1, 'user', '2025-04-22 17:23:23', '2025-04-22 17:53:58', '7.7.7.7'),
(5432, '6666', '6666', '$2y$10$.E4RyOB6wWfIgS4xq62greWN1BSsmu.QXxBDY1EoKAZpS8QeQnEBO', '333.png', NULL, 1, 'user', '2025-04-22 17:32:31', '2025-04-22 18:08:40', '2a00:7c80:0:3c6::11'),
(5433, '7777', '7777', '$2y$10$bfT..clEvP8NE6l45/HMrO5rfLdxg6c9/LB2RWc9pwVCHsXfiYdb2', '333.png', NULL, 1, 'user', '2025-04-22 17:53:00', '2025-04-22 17:55:04', '123.45.67.89'),
(5434, 'janedoed', 'janedoed', '$2y$10$4l1UREGOdgSZEUX/QubyY.aPXDAa2E6TzhcY0R0ZnR53pqk2CGNBG', '333.png', NULL, 1, 'user', '2025-04-22 20:07:47', '2025-04-22 20:09:09', '2567'),
(5435, '5555', '5555', '$2y$10$ImZWFfayErE0kG2TwrTzVeN0bY.uohFMsN/3Ot/aAAFfjGT1b0iXK', '333.png', NULL, 1, 'user', '2025-04-22 20:07:57', '2025-04-22 20:13:34', '149.34.244.130'),
(5436, 'chud', '', '$2y$10$GssidfRcfejKBGYz0Ciy..xHuZhzdwDGARmosvJxTTZ4DX3XCHCu6', 'avatar_5436_6807fc0decc6d.jpg', 'тВАтАЫт▒┐тВ▒тМзт╗ктЭлт╕ЭтплтЖЖтЩмтЩЪт▓┐т▓КтнРтУНтвУтШШтХЙтЛ╣т╜етвРтйЮтИ║тВ▒тЭАтжБтТнт╜ИтЮетЬ▒тзот│йт╛отПЦт┤Йтгптж╜тЪбтМДтЭзтватеитЯ░тКЩтСВткАтС╖тЕ╕т╜ВтГОт╖Итд│тИ╗тйТтЬет▓╣тмАтБШт▓╢т║ЖтЬбткХтг▓тдДтЗЪткЭтП╝тлМтФХтдТтХ╣тйотлмтб┤тОКтИЙтбнтС╝тЫ╛т┤┤т▒втЦ░таФт╕КтП╡тндт╗От▒ЭтдЖтЬдтнЛтиЖтФмт▓╡тб╕тБвт╖╝тОСт╣ЭтВАтАЫт▒┐тВ▒тМзт╗ктЭлт╕ЭтплтЖЖтЩмтЩЪт▓┐т▓КтнРтУНтвУтШШтХЙтЛ╣т╜етвРтйЮтИ║тВ▒тЭАтжБтТнт╜ИтЮетЬ▒тзот│йт╛отПЦт┤Йтгптж╜тЪбтМДтЭзтватеитЯ░тКЩтСВткАтС╖тЕ╕т╜ВтГОт╖Итд│тИ╗тйТтЬет▓╣тмАтБШт▓╢т║ЖтЬбткХтг▓тдДтЗЪткЭтП╝тлМтФХтдТтХ╣тйотлмтб┤тОКтИЙтбнтС╝тЫ╛т┤┤т▒втЦ░таФт╕КтП╡тндт╗От▒ЭтдЖтЬдтнЛтиЖтФмт▓╡тб╕тБвт╖╝тОСт╣ЭтВАтАЫт▒┐тВ▒тМзт╗ктЭлт╕ЭтплтЖЖтЩмтЩЪт▓┐т▓КтнРтУНтвУтШШтХЙтЛ╣т╜етвРтйЮтИ║тВ▒тЭАтжБтТнт╜ИтЮетЬ▒тзот│йт╛отПЦт┤Йтгптж╜тЪбтМДтЭзтватеитЯ░тКЩтСВткАтС╖тЕ╕т╜ВтГОт╖Итд│тИ╗тйТтЬет▓╣тмАтБШт▓╢т║ЖтЬбткХтг▓тдДтЗЪткЭтП╝тлМтФХтдТтХ╣тйотлмтб┤тОКтИЙтбнтС╝тЫ╛т┤┤т▒втЦ░таФт╕КтП╡тндт╗От▒ЭтдЖтЬдтнЛтиЖтФмт▓╡тб╕тБвт╖╝тОСт╣ЭтВАтАЫт▒┐тВ▒тМзт╗ктЭлт╕ЭтплтЖЖтЩмтЩЪт▓┐т▓КтнРтУНтвУтШШтХЙтЛ╣т╜етвРтйЮтИ║тВ▒тЭАтжБтТнт╜ИтЮетЬ▒тзот│йт╛отПЦт┤Йтгптж╜тЪбтМДтЭзтватеитЯ░тКЩтСВткАтС╖тЕ╕т╜ВтГОт╖Итд│тИ╗тйТтЬет▓╣тмАтБШт▓╢т║ЖтЬбткХтг▓тдДтЗЪткЭтП╝тлМтФХтдТтХ╣тйотлмтб┤тОКтИЙтбнтС╝тЫ╛т┤┤т▒втЦ░таФт╕КтП╡тндт╗От▒ЭтдЖтЬдтнЛтиЖтФмт▓╡тб╕тБвт╖╝тОСт╣ЭтВАтАЫт▒┐тВ▒тМзт╗ктЭлт╕ЭтплтЖЖтЩмтЩЪт▓┐т▓КтнРтУНтвУтШШтХЙтЛ╣т╜етвРтйЮтИ║тВ▒тЭАтжБтТнт╜ИтЮетЬ▒тзот│йт╛отПЦт┤Йтгптж╜тЪбтМДтЭзтватеитЯ░тКЩтСВткАтС╖тЕ╕т╜ВтГОт╖Итд│тИ╗тйТтЬет▓╣тмАтБШт▓╢т║ЖтЬбткХтг▓тдДтЗЪткЭтП╝тлМтФХтдТтХ╣тйотлмтб┤тОКтИЙтбнтС╝тЫ╛т┤┤т▒втЦ░таФт╕КтП╡тндт╗От▒ЭтдЖтЬдтнЛтиЖтФмт▓╡тб╕тБвт╖╝тОСт╣ЭтВАтАЫт▒┐тВ▒тМзт╗ктЭлт╕ЭтплтЖЖтЩмтЩЪт▓┐т▓КтнРтУНтвУтШШтХЙтЛ╣т╜етвРтйЮтИ║тВ▒тЭАтжБтТнт╜ИтЮетЬ▒тзот│йт╛отПЦт┤Йтгптж╜тЪбтМДтЭзтватеитЯ░тКЩтСВткАтС╖тЕ╕т╜ВтГОт╖Итд│тИ╗тйТтЬет▓╣тмАтБШт▓╢т║ЖтЬбткХтг▓тдДтЗЪткЭтП╝тлМтФХтдТтХ╣тйотлмтб┤тОКтИЙтбнтС╝тЫ╛т┤┤т▒втЦ░таФт╕КтП╡тндт╗От▒ЭтдЖтЬдтнЛтиЖтФмт▓╡тб╕тБвт╖╝тОСт╣ЭтВАтАЫт▒┐тВ▒тМзт╗ктЭлт╕ЭтплтЖЖтЩмтЩЪт▓┐т▓КтнРтУНтвУтШШтХЙтЛ╣т╜етвРтйЮтИ║тВ▒тЭАтжБтТнт╜ИтЮетЬ▒тзот│йт╛отПЦт┤Йтгптж╜тЪбтМДтЭзтватеитЯ░тКЩтСВткАтС╖тЕ╕т╜ВтГОт╖Итд│тИ╗тйТтЬет▓╣тмАтБШт▓╢т║ЖтЬбткХтг▓тдДтЗЪткЭтП╝тлМтФХтдТтХ╣тйотлмтб┤тОКтИЙтбнтС╝тЫ╛т┤┤т▒втЦ░таФт╕КтП╡тндт╗От▒ЭтдЖтЬдтнЛтиЖтФмт▓╡тб╕тБвт╖╝тОСт╣ЭтВАтАЫт▒┐тВ▒тМзт╗ктЭлт╕ЭтплтЖЖтЩмтЩЪт▓┐т▓КтнРтУНтвУтШШтХЙтЛ╣т╜етвРтйЮтИ║тВ▒тЭАтжБтТнт╜ИтЮетЬ▒тзот│йт╛отПЦт┤Йтгптж╜тЪбтМДтЭзтватеитЯ░тКЩтСВткАтС╖тЕ╕т╜ВтГОт╖Итд│тИ╗тйТтЬет▓╣тмАтБШт▓╢т║ЖтЬбткХтг▓тдДтЗЪткЭтП╝тлМтФХтдТтХ╣тйотлмтб┤тОКтИЙтбнтС╝тЫ╛т┤┤т▒втЦ░таФт╕КтП╡тндт╗От▒ЭтдЖтЬдтнЛтиЖтФмт▓╡тб╕тБвт╖╝тОСт╣ЭтВАтАЫт▒┐тВ▒тМзт╗ктЭлт╕ЭтплтЖЖтЩмтЩЪт▓┐т▓КтнРтУНтвУтШШтХЙтЛ╣т╜етвРтйЮтИ║тВ▒тЭАтжБтТнт╜ИтЮетЬ▒тзот│йт╛отПЦт┤Йтгптж╜тЪбтМДтЭзтватеитЯ░тКЩтСВткАтС╖тЕ╕т╜ВтГОт╖Итд│тИ╗тйТтЬет▓╣тмАтБШт▓╢т║ЖтЬбткХтг▓тдДтЗЪткЭтП╝тлМтФХтдТтХ╣тйотлмтб┤тОКтИЙтбнтС╝тЫ╛т┤┤т▒втЦ░таФт╕КтП╡тндт╗От▒ЭтдЖтЬдтнЛтиЖтФмт▓╡тб╕тБвт╖╝тОСт╣ЭтВАтАЫт▒┐тВ▒тМзт╗ктЭлт╕ЭтплтЖЖтЩмтЩЪт▓┐т▓КтнРтУНтвУтШШтХЙтЛ╣т╜етвРтйЮтИ║тВ▒тЭАтжБтТнт╜ИтЮетЬ▒тзот│йт╛отПЦт┤Йтгптж╜тЪбтМДтЭзтватеитЯ░тКЩтСВткАтС╖тЕ╕т╜ВтГОт╖Итд│тИ╗тйТтЬет▓╣тмАтБШт▓╢т║ЖтЬбткХтг▓тдДтЗЪткЭтП╝тлМтФХтдТтХ╣тйотлмтб┤тОКтИЙтбнтС╝тЫ╛т┤┤т▒втЦ░таФт╕КтП╡тндт╗От▒ЭтдЖтЬдтнЛтиЖтФмт▓╡тб╕тБвт╖╝тОСт╣ЭтВАтАЫт▒┐тВ▒тМзт╗ктЭлт╕ЭтплтЖЖтЩмтЩЪт▓┐т▓КтнРтУНтвУтШШтХЙтЛ╣т╜етвРтйЮтИ║тВ▒тЭАтжБтТнт╜ИтЮетЬ▒тзот│йт╛отПЦт┤Йтгптж╜тЪбтМДтЭзтватеитЯ░тКЩтСВткАтС╖тЕ╕т╜ВтГОт╖Итд│тИ╗тйТтЬет▓╣тмАтБШт▓╢т║ЖтЬбткХтг▓тдДтЗЪткЭтП╝тлМтФХтдТтХ╣тйотлмтб┤тОКтИЙтбнтС╝тЫ╛т┤┤т▒втЦ░таФт╕КтП╡тндт╗От▒ЭтдЖтЬдтнЛтиЖтФмт▓╡тб╕тБвт╖╝тОСт╣ЭтВАтАЫт▒┐тВ▒тМзт╗ктЭлт╕ЭтплтЖЖтЩмтЩЪт▓┐т▓КтнРтУНтвУтШШтХЙтЛ╣т╜етвРтйЮтИ║тВ▒тЭАтжБтТнт╜ИтЮетЬ▒тзот│йт╛отПЦт┤Йтгптж╜тЪбтМДтЭзтватеитЯ░тКЩтСВткАтС╖тЕ╕т╜ВтГОт╖Итд│тИ╗тйТтЬет▓╣тмАтБШт▓╢т║ЖтЬбткХтг▓тдДтЗЪткЭтП╝тлМтФХтдТтХ╣тйотлмтб┤тОКтИЙтбнтС╝тЫ╛т┤┤т▒втЦ░таФт╕КтП╡тндт╗От▒ЭтдЖтЬдтнЛтиЖтФмт▓╡тб╕тБвт╖╝тОСт╣ЭтВАтАЫт▒┐тВ▒тМзт╗ктЭлт╕ЭтплтЖЖтЩмтЩЪт▓┐т▓КтнРтУНтвУтШШтХЙтЛ╣т╜етвРтйЮтИ║тВ▒тЭАтжБтТнт╜ИтЮетЬ▒тзот│йт╛отПЦт┤Йтгптж╜тЪбтМДтЭзтватеитЯ░тКЩтСВткАтС╖тЕ╕т╜ВтГОт╖Итд│тИ╗тйТтЬет▓╣тмАтБШт▓╢т║ЖтЬбткХтг▓тдДтЗЪткЭтП╝тлМтФХтдТтХ╣тйотлмтб┤тОКтИЙтбнтС╝тЫ╛т┤┤т▒втЦ░таФт╕КтП╡тндт╗От▒ЭтдЖтЬдтнЛтиЖтФмт▓╡тб╕тБвт╖╝тОСт╣ЭтВАтАЫт▒┐тВ▒тМзт╗ктЭлт╕ЭтплтЖЖтЩмтЩЪт▓┐т▓КтнРтУНтвУтШШтХЙтЛ╣т╜етвРтйЮтИ║тВ▒тЭАтжБтТнт╜ИтЮетЬ▒тзот│йт╛отПЦт┤Йтгптж╜тЪбтМДтЭзтватеитЯ░тКЩтСВткАтС╖тЕ╕т╜ВтГОт╖Итд│тИ╗тйТтЬет▓╣тмАтБШт▓╢т║ЖтЬбткХтг▓тдДтЗЪткЭтП╝тлМтФХтдТтХ╣тйотлмтб┤тОКтИЙтбнтС╝тЫ╛т┤┤т▒втЦ░таФт╕КтП╡тндт╗От▒ЭтдЖтЬдтнЛтиЖтФмт▓╡тб╕тБвт╖╝тОСт╣ЭтВАтАЫт▒┐тВ▒тМзт╗ктЭлт╕ЭтплтЖЖтЩмтЩЪт▓┐т▓КтнРтУНтвУтШШтХЙтЛ╣т╜етвРтйЮтИ║тВ▒тЭАтжБтТнт╜ИтЮетЬ▒тзот│йт╛отПЦт┤Йтгптж╜тЪбтМДтЭзтватеитЯ░тКЩтСВткАтС╖тЕ╕т╜ВтГОт╖Итд│тИ╗тйТтЬет▓╣тмАтБШт▓╢т║ЖтЬбткХтг▓тдДтЗЪткЭтП╝тлМтФХтдТтХ╣тйотлмтб┤тОКтИЙтбнтС╝тЫ╛т┤┤т▒втЦ░таФт╕КтП╡тндт╗От▒ЭтдЖтЬдтнЛтиЖтФмт▓╡тб╕тБвт╖╝тОСт╣ЭтВАтАЫт▒┐тВ▒тМзт╗ктЭлт╕ЭтплтЖЖтЩмтЩЪт▓┐т▓КтнРтУНтвУтШШтХЙтЛ╣т╜етвРтйЮтИ║тВ▒тЭАтжБтТнт╜ИтЮетЬ▒тзот│йт╛отПЦт┤Йтгптж╜тЪбтМДтЭзтватеитЯ░тКЩтСВткАтС╖тЕ╕т╜ВтГОт╖Итд│тИ╗тйТтЬет▓╣тмАтБШт▓╢т║ЖтЬбткХтг▓тдДтЗЪткЭтП╝тлМтФХтдТтХ╣тйотлмтб┤тОКтИЙтбнтС╝тЫ╛т┤┤т▒втЦ░таФт╕КтП╡тндт╗От▒ЭтдЖтЬдтнЛтиЖтФмт▓╡тб╕тБвт╖╝тОСт╣ЭтВАтАЫт▒┐тВ▒тМзт╗ктЭлт╕ЭтплтЖЖтЩмтЩЪт▓┐т▓КтнРтУНтвУтШШтХЙтЛ╣т╜етвРтйЮтИ║тВ▒тЭАтжБтТнт╜ИтЮетЬ▒тзот│йт╛отПЦт┤Йтгптж╜тЪбтМДтЭзтватеитЯ░тКЩтСВткАтС╖тЕ╕т╜ВтГОт╖Итд│тИ╗тйТтЬет▓╣тмАтБШт▓╢т║ЖтЬбткХтг▓тдДтЗЪткЭтП╝тлМтФХтдТтХ╣тйотлмтб┤тОКтИЙтбнтС╝тЫ╛т┤┤т▒втЦ░таФт╕КтП╡тндт╗От▒ЭтдЖтЬдтнЛтиЖтФмт▓╡тб╕тБвт╖╝тОСт╣ЭтВАтАЫт▒┐тВ▒тМзт╗ктЭлт╕ЭтплтЖЖтЩмтЩЪт▓┐т▓КтнРтУНтвУтШШтХЙтЛ╣т╜етвРтйЮтИ║тВ▒тЭАтжБтТнт╜ИтЮетЬ▒тзот│йт╛отПЦт┤Йтгптж╜тЪбтМДтЭзтватеитЯ░тКЩтСВткАтС╖тЕ╕т╜ВтГОт╖Итд│тИ╗тйТтЬет▓╣тмАтБШт▓╢т║ЖтЬбткХтг▓тдДтЗЪткЭтП╝тлМтФХтдТтХ╣тйотлмтб┤тОКтИЙтбнтС╝тЫ╛т┤┤т▒втЦ░таФт╕КтП╡тндт╗От▒ЭтдЖтЬдтнЛтиЖтФмт▓╡тб╕тБвт╖╝тОСт╣ЭтВАтАЫт▒┐тВ▒тМзт╗ктЭлт╕ЭтплтЖЖтЩмтЩЪт▓┐т▓КтнРтУНтвУтШШтХЙтЛ╣т╜етвРтйЮтИ║тВ▒тЭАтжБтТнт╜ИтЮетЬ▒тзот│йт╛отПЦт┤Йтгптж╜тЪбтМДтЭзтватеитЯ░тКЩтСВткАтС╖тЕ╕т╜ВтГОт╖Итд│тИ╗тйТтЬет▓╣тмАтБШт▓╢т║ЖтЬбткХтг▓тдДтЗЪткЭтП╝тлМтФХтдТтХ╣тйотлмтб┤тОКтИЙтбнтС╝тЫ╛т┤┤т▒втЦ░таФт╕КтП╡тндт╗От▒ЭтдЖтЬдтнЛтиЖтФмт▓╡тб╕тБвт╖╝тОСт╣ЭтВАтАЫт▒┐тВ▒тМзт╗ктЭлт╕ЭтплтЖЖтЩмтЩЪт▓┐т▓КтнРтУНтвУтШШтХЙтЛ╣т╜етвРтйЮтИ║тВ▒тЭАтжБтТнт╜ИтЮетЬ▒тзот│йт╛отПЦт┤Йтгптж╜тЪбтМДтЭзтватеитЯ░тКЩтСВткАтС╖тЕ╕т╜ВтГОт╖Итд│тИ╗тйТтЬет▓╣тмАтБШт▓╢т║ЖтЬбткХтг▓тдДтЗЪткЭтП╝тлМтФХтдТтХ╣тйотлмтб┤тОКтИЙтбнтС╝тЫ╛т┤┤т▒втЦ░таФт╕КтП╡тндт╗От▒ЭтдЖтЬдтнЛтиЖтФмт▓╡тб╕тБвт╖╝тОСт╣ЭтВАтАЫт▒┐тВ▒тМзт╗ктЭлт╕ЭтплтЖЖтЩмтЩЪт▓┐т▓КтнРтУНтвУтШШтХЙтЛ╣т╜етвРтйЮтИ║тВ▒тЭАтжБтТнт╜ИтЮетЬ▒тзот│йт╛отПЦт┤Йтгптж╜тЪбтМДтЭзтватеитЯ░тКЩтСВткАтС╖тЕ╕т╜ВтГОт╖Итд│тИ╗тйТтЬет▓╣тмАтБШт▓╢т║ЖтЬбткХтг▓тдДтЗЪткЭтП╝тлМтФХтдТтХ╣тйотлмтб┤тОКтИЙтбнтС╝тЫ╛т┤┤т▒втЦ░таФт╕КтП╡тндт╗От▒ЭтдЖтЬдтнЛтиЖтФмт▓╡тб╕тБвт╖╝тОСт╣ЭтВАтАЫт▒┐тВ▒тМзт╗ктЭлт╕ЭтплтЖЖтЩмтЩЪт▓┐т▓КтнРтУНтвУтШШтХЙтЛ╣т╜етвРтйЮтИ║тВ▒тЭАтжБтТнт╜ИтЮетЬ▒тзот│йт╛отПЦт┤Йтгптж╜тЪбтМДтЭзтватеитЯ░тКЩтСВткАтС╖тЕ╕т╜ВтГОт╖Итд│тИ╗тйТтЬет▓╣тмАтБШт▓╢т║ЖтЬбткХтг▓тдДтЗЪткЭтП╝тлМтФХтдТтХ╣тйотлмтб┤тОКтИЙтбнтС╝тЫ╛т┤┤т▒втЦ░таФт╕КтП╡тндт╗От▒ЭтдЖтЬдтнЛтиЖтФмт▓╡тб╕тБвт╖╝тОСт╣ЭтВАтАЫт▒┐тВ▒тМзт╗ктЭлт╕ЭтплтЖЖтЩмтЩЪт▓┐т▓КтнРтУНтвУтШШтХЙтЛ╣т╜етвРтйЮтИ║тВ▒тЭАтжБтТнт╜ИтЮетЬ▒тзот│йт╛отПЦт┤Йтгптж╜тЪбтМДтЭзтватеитЯ░тКЩтСВткАтС╖тЕ╕т╜ВтГОт╖Итд│тИ╗тйТтЬет▓╣тмАтБШт▓╢т║ЖтЬбткХтг▓тдДтЗЪткЭтП╝тлМтФХтдТтХ╣тйотлмтб┤тОКтИЙтбнтС╝тЫ╛т┤┤т▒втЦ░таФт╕КтП╡тндт╗От▒ЭтдЖтЬдтнЛтиЖтФмт▓╡тб╕тБвт╖╝тОСт╣ЭтВАтАЫт▒┐тВ▒тМзт╗ктЭлт╕ЭтплтЖЖтЩмтЩЪт▓┐т▓КтнРтУНтвУтШШтХЙтЛ╣т╜етвРтйЮтИ║тВ▒тЭАтжБтТнт╜ИтЮетЬ▒тзот│йт╛отПЦт┤Йтгптж╜тЪбтМДтЭзтватеитЯ░тКЩтСВткАтС╖тЕ╕т╜ВтГОт╖Итд│тИ╗тйТтЬет▓╣тмАтБШт▓╢т║ЖтЬбткХтг▓тдДтЗЪткЭтП╝тлМтФХтдТтХ╣тйотлмтб┤тОКтИЙтбнтС╝тЫ╛т┤┤т▒втЦ░таФт╕КтП╡тндт╗От▒ЭтдЖтЬдтнЛтиЖтФмт▓╡тб╕тБвт╖╝тОСт╣ЭтВАтАЫт▒┐тВ▒тМзт╗ктЭлт╕ЭтплтЖЖтЩмтЩЪт▓┐т▓КтнРтУНтвУтШШтХЙтЛ╣т╜етвРтйЮтИ║тВ▒тЭАтжБтТнт╜ИтЮетЬ▒тзот│йт╛отПЦт┤Йтгптж╜тЪбтМДтЭзтватеитЯ░тКЩтСВткАтС╖тЕ╕т╜ВтГОт╖Итд│тИ╗тйТтЬет▓╣тмАтБШт▓╢т║ЖтЬбткХтг▓тдДтЗЪткЭтП╝тлМтФХтдТтХ╣тйотлмтб┤тОКтИЙтбнтС╝тЫ╛т┤┤т▒втЦ░таФт╕КтП╡тндт╗От▒ЭтдЖтЬдтнЛтиЖтФмт▓╡тб╕тБвт╖╝тОСт╣ЭтВАтАЫт▒┐тВ▒тМзт╗ктЭлт╕ЭтплтЖЖтЩмтЩЪт▓┐т▓КтнРтУНтвУтШШтХЙтЛ╣т╜етвРтйЮтИ║тВ▒тЭАтжБтТнт╜ИтЮетЬ▒тзот│йт╛отПЦт┤Йтгптж╜тЪбтМДтЭзтватеитЯ░тКЩтСВткАтС╖тЕ╕т╜ВтГОт╖Итд│тИ╗тйТтЬет▓╣тмАтБШт▓╢т║ЖтЬбткХтг▓тдДтЗЪткЭтП╝тлМтФХтдТтХ╣тйотлмтб┤тОКтИЙтбнтС╝тЫ╛т┤┤т▒втЦ░таФт╕КтП╡тндт╗От▒ЭтдЖтЬдтнЛтиЖтФмт▓╡тб╕тБвт╖╝тОСт╣ЭтВАтАЫт▒┐тВ▒тМзт╗ктЭлт╕ЭтплтЖЖтЩмтЩЪт▓┐т▓КтнРтУНтвУтШШтХЙтЛ╣т╜етвРтйЮтИ║тВ▒тЭАтжБтТнт╜ИтЮетЬ▒тзот│йт╛отПЦт┤Йтгптж╜тЪбтМДтЭзтватеитЯ░тКЩтСВткАтС╖тЕ╕т╜ВтГОт╖Итд│тИ╗тйТтЬет▓╣тмАтБШт▓╢т║ЖтЬбткХтг▓тдДтЗЪткЭтП╝тлМтФХтдТтХ╣тйотлмтб┤тОКтИЙтбнтС╝тЫ╛т┤┤т▒втЦ░таФт╕КтП╡тндт╗От▒ЭтдЖтЬдтнЛтиЖтФмт▓╡тб╕тБвт╖╝тОСт╣ЭтВАтАЫт▒┐тВ▒тМзт╗ктЭлт╕ЭтплтЖЖтЩмтЩЪт▓┐т▓КтнРтУНтвУтШШтХЙтЛ╣т╜етвРтйЮтИ║тВ▒тЭАтжБтТнт╜ИтЮетЬ▒тзот│йт╛отПЦт┤Йтгптж╜тЪбтМДтЭзтватеитЯ░тКЩтСВткАтС╖тЕ╕т╜ВтГОт╖Итд│тИ╗тйТтЬет▓╣тмАтБШт▓╢т║ЖтЬбткХтг▓тдДтЗЪткЭтП╝тлМтФХтдТтХ╣тйотлмтб┤тОКтИЙтбнтС╝тЫ╛т┤┤т▒втЦ░таФт╕КтП╡тндт╗От▒ЭтдЖтЬдтнЛтиЖтФмт▓╡тб╕тБвт╖╝тОСт╣ЭтВАтАЫт▒┐тВ▒тМзт╗ктЭлт╕ЭтплтЖЖтЩмтЩЪт▓┐т▓КтнРтУНтвУтШШтХЙтЛ╣т╜етвРтйЮтИ║тВ▒тЭАтжБтТнт╜ИтЮетЬ▒тзот│йт╛отПЦт┤Йтгптж╜тЪбтМДтЭзтватеитЯ░тКЩтСВткАтС╖тЕ╕т╜ВтГОт╖Итд│тИ╗тйТтЬет▓╣тмАтБШт▓╢т║ЖтЬбткХтг▓тдДтЗЪткЭтП╝тлМтФХтдТтХ╣тйотлмтб┤тОКтИЙтбнтС╝тЫ╛т┤┤т▒втЦ░таФт╕КтП╡тндт╗От▒ЭтдЖтЬдтнЛтиЖтФмт▓╡тб╕тБвт╖╝тОСт╣ЭтВАтАЫт▒┐тВ▒тМзт╗ктЭлт╕ЭтплтЖЖтЩмтЩЪт▓┐т▓КтнРтУНтвУтШШтХЙтЛ╣т╜етвРтйЮтИ║тВ▒тЭАтжБтТнт╜ИтЮетЬ▒тзот│йт╛отПЦт┤Йтгптж╜тЪбтМДтЭзтватеитЯ░тКЩтСВткАтС╖тЕ╕т╜ВтГОт╖Итд│тИ╗тйТтЬет▓╣тмАтБШт▓╢т║ЖтЬбткХтг▓тдДтЗЪткЭтП╝тлМтФХтдТтХ╣тйотлмтб┤тОКтИЙтбнтС╝тЫ╛т┤┤т▒втЦ░таФт╕КтП╡тндт╗От▒ЭтдЖтЬдтнЛтиЖтФмт▓╡тб╕тБвт╖╝тОСт╣ЭтВАтАЫт▒┐тВ▒тМзт╗ктЭлт╕ЭтплтЖЖтЩмтЩЪт▓┐т▓КтнРтУНтвУтШШтХЙтЛ╣т╜етвРтйЮтИ║тВ▒тЭАтжБтТнт╜ИтЮетЬ▒тзот│йт╛отПЦт┤Йтгптж╜тЪбтМДтЭзтватеитЯ░тКЩтСВткАтС╖тЕ╕т╜ВтГОт╖Итд│тИ╗тйТтЬет▓╣тмАтБШт▓╢т║ЖтЬбткХтг▓тдДтЗЪткЭтП╝тлМтФХтдТтХ╣тйотлмтб┤тОКтИЙтбнтС╝тЫ╛т┤┤т▒втЦ░таФт╕КтП╡тндт╗От▒ЭтдЖтЬдтнЛтиЖтФмт▓╡тб╕тБвт╖╝тОСт╣ЭтВАтАЫт▒┐тВ▒тМзт╗ктЭлт╕ЭтплтЖЖтЩмтЩЪт▓┐т▓КтнРтУНтвУтШШтХЙтЛ╣т╜етвРтйЮтИ║тВ▒тЭАтжБтТнт╜ИтЮетЬ▒тзот│йт╛отПЦт┤Йтгптж╜тЪбтМДтЭзтватеитЯ░тКЩтСВткАтС╖тЕ╕т╜ВтГОт╖Итд│тИ╗тйТтЬет▓╣тмАтБШт▓╢т║ЖтЬбткХтг▓тдДтЗЪткЭтП╝тлМтФХтдТтХ╣тйотлмтб┤тОКтИЙтбнтС╝тЫ╛т┤┤т▒втЦ░таФт╕КтП╡тндт╗От▒ЭтдЖтЬдтнЛтиЖтФмт▓╡тб╕тБвт╖╝тОСт╣ЭтВАтАЫт▒┐тВ▒тМзт╗ктЭлт╕ЭтплтЖЖтЩмтЩЪт▓┐т▓КтнРтУНтвУтШШтХЙтЛ╣т╜етвРтйЮтИ║тВ▒тЭАтжБтТнт╜ИтЮетЬ▒тзот│йт╛отПЦт┤Йтгптж╜тЪбтМДтЭзтватеитЯ░тКЩтСВткАтС╖тЕ╕т╜ВтГОт╖Итд│тИ╗тйТтЬет▓╣тмАтБШт▓╢т║ЖтЬбткХтг▓тдДтЗЪткЭтП╝тлМтФХтдТтХ╣тйотлмтб┤тОКтИЙтбнтС╝тЫ╛т┤┤т▒втЦ░таФт╕КтП╡тндт╗От▒ЭтдЖтЬдтнЛтиЖтФмт▓╡тб╕тБвт╖╝тОСт╣ЭтВАтАЫт▒┐тВ▒тМзт╗ктЭлт╕ЭтплтЖЖтЩмтЩЪт▓┐т▓КтнРтУНтвУтШШтХЙтЛ╣т╜етвРтйЮтИ║тВ▒тЭАтжБтТнт╜ИтЮетЬ▒тзот│йт╛отПЦт┤Йтгптж╜тЪбтМДтЭзтватеитЯ░тКЩтСВткАтС╖тЕ╕т╜ВтГОт╖Итд│тИ╗тйТтЬет▓╣тмАтБШт▓╢т║ЖтЬбткХтг▓тдДтЗЪткЭтП╝тлМтФХтдТтХ╣тйотлмтб┤тОКтИЙтбнтС╝тЫ╛т┤┤т▒втЦ░таФт╕КтП╡тндт╗От▒ЭтдЖтЬдтнЛтиЖтФмт▓╡тб╕тБвт╖╝тОСт╣ЭтВАтАЫт▒┐тВ▒тМзт╗ктЭлт╕ЭтплтЖЖтЩмтЩЪт▓┐т▓КтнРтУНтвУтШШтХЙтЛ╣т╜етвРтйЮтИ║тВ▒тЭАтжБтТнт╜ИтЮетЬ▒тзот│йт╛отПЦт┤Йтгптж╜тЪбтМДтЭзтватеитЯ░тКЩтСВткАтС╖тЕ╕т╜ВтГОт╖Итд│тИ╗тйТтЬет▓╣тмАтБШт▓╢т║ЖтЬбткХтг▓тдДтЗЪткЭтП╝тлМтФХтдТтХ╣тйотлмтб┤тОКтИЙтбнтС╝тЫ╛т┤┤т▒втЦ░таФт╕КтП╡тндт╗От▒ЭтдЖтЬдтнЛтиЖтФмт▓╡тб╕тБвт╖╝тОСт╣ЭтВАтАЫт▒┐тВ▒тМзт╗ктЭлт╕ЭтплтЖЖтЩмтЩЪт▓┐т▓КтнРтУНтвУтШШтХЙтЛ╣т╜етвРтйЮтИ║тВ▒тЭАтжБтТнт╜ИтЮетЬ▒тзот│йт╛отПЦт┤Йтгптж╜тЪбтМДтЭзтватеитЯ░тКЩтСВткАтС╖тЕ╕т╜ВтГОт╖Итд│тИ╗тйТтЬет▓╣тмАтБШт▓╢т║ЖтЬбткХтг▓тдДтЗЪткЭтП╝тлМтФХтдТтХ╣тйотлмтб┤тОКтИЙтбнтС╝тЫ╛т┤┤т▒втЦ░таФт╕КтП╡тндт╗От▒ЭтдЖтЬдтнЛтиЖтФмт▓╡тб╕тБвт╖╝тОСт╣ЭтВАтАЫт▒┐тВ▒тМзт╗ктЭлт╕ЭтплтЖЖтЩмтЩЪт▓┐т▓КтнРтУНтвУтШШтХЙтЛ╣т╜етвРтйЮтИ║тВ▒тЭАтжБтТнт╜ИтЮетЬ▒тзот│йт╛отПЦт┤Йтгптж╜тЪбтМДтЭзтватеитЯ░тКЩтСВткАтС╖тЕ╕т╜ВтГОт╖Итд│тИ╗тйТтЬет▓╣тмАтБШт▓╢т║ЖтЬбткХтг▓тдДтЗЪткЭтП╝тлМтФХтдТтХ╣тйотлмтб┤тОКтИЙтбнтС╝тЫ╛т┤┤т▒втЦ░таФт╕КтП╡тндт╗От▒ЭтдЖтЬдтнЛтиЖтФмт▓╡тб╕тБвт╖╝тОСт╣ЭтВАтАЫт▒┐тВ▒тМзт╗ктЭлт╕ЭтплтЖЖтЩмтЩЪт▓┐т▓КтнРтУНтвУтШШтХЙтЛ╣т╜етвРтйЮтИ║тВ▒тЭАтжБтТнт╜ИтЮетЬ▒тзот│йт╛отПЦт┤Йтгптж╜тЪбтМДтЭзтватеитЯ░тКЩтСВткАтС╖тЕ╕т╜ВтГОт╖Итд│тИ╗тйТтЬет▓╣тмАтБШт▓╢т║ЖтЬбткХтг▓тдДтЗЪткЭтП╝тлМтФХтдТтХ╣тйотлмтб┤тОКтИЙтбнтС╝тЫ╛т┤┤т▒втЦ░таФт╕КтП╡тндт╗От▒ЭтдЖтЬдтнЛтиЖтФмт▓╡тб╕тБвт╖╝тОСт╣ЭтВАтАЫт▒┐тВ▒тМзт╗ктЭлт╕ЭтплтЖЖтЩмтЩЪт▓┐т▓КтнРтУНтвУтШШтХЙтЛ╣т╜етвРтйЮтИ║тВ▒тЭАтжБтТнт╜ИтЮетЬ▒тзот│йт╛отПЦт┤Йтгптж╜тЪбтМДтЭзтватеитЯ░тКЩтСВткАтС╖тЕ╕т╜ВтГОт╖Итд│тИ╗тйТтЬет▓╣тмАтБШт▓╢т║ЖтЬбткХтг▓тдДтЗЪткЭтП╝тлМтФХтдТтХ╣тйотлмтб┤тОКтИЙтбнтС╝тЫ╛т┤┤т▒втЦ░таФт╕КтП╡тндт╗От▒ЭтдЖтЬдтнЛтиЖтФмт▓╡тб╕тБвт╖╝тОСт╣ЭтВАтАЫт▒┐тВ▒тМзт╗ктЭлт╕ЭтплтЖЖтЩмтЩЪт▓┐т▓КтнРтУНтвУтШШтХЙтЛ╣т╜етвРтйЮтИ║тВ▒тЭАтжБтТнт╜ИтЮетЬ▒тзот│йт╛отПЦт┤Йтгптж╜тЪбтМДтЭзтватеитЯ░тКЩтСВткАтС╖тЕ╕т╜ВтГОт╖Итд│тИ╗тйТтЬет▓╣тмАтБШт▓╢т║ЖтЬбткХтг▓тдДтЗЪткЭтП╝тлМтФХтдТтХ╣тйотлмтб┤тОКтИЙтбнтС╝тЫ╛т┤┤т▒втЦ░таФт╕КтП╡тндт╗От▒ЭтдЖтЬдтнЛтиЖтФмт▓╡тб╕тБвт╖╝тОСт╣ЭтВАтАЫт▒┐тВ▒тМзт╗ктЭлт╕ЭтплтЖЖтЩмтЩЪт▓┐т▓КтнРтУНтвУтШШтХЙтЛ╣т╜етвРтйЮтИ║тВ▒тЭАтжБтТнт╜ИтЮетЬ▒тзот│йт╛отПЦт┤Йтгптж╜тЪбтМДтЭзтватеитЯ░тКЩтСВткАтС╖тЕ╕т╜ВтГОт╖Итд│тИ╗тйТтЬет▓╣тмАтБШт▓╢т║ЖтЬбткХтг▓тдДтЗЪткЭтП╝тлМтФХтдТтХ╣тйотлмтб┤тОКтИЙтбнтС╝тЫ╛т┤┤т▒втЦ░таФт╕КтП╡тндт╗От▒ЭтдЖтЬдтнЛтиЖтФмт▓╡тб╕тБвт╖╝тОСт╣ЭтВАтАЫт▒┐тВ▒тМзт╗ктЭлт╕ЭтплтЖЖтЩмтЩЪт▓┐т▓КтнРтУНтвУтШШтХЙтЛ╣т╜етвРтйЮтИ║тВ▒тЭАтжБтТнт╜ИтЮетЬ▒тзот│йт╛отПЦт┤Йтгптж╜тЪбтМДтЭзтватеитЯ░тКЩтСВткАтС╖тЕ╕т╜ВтГОт╖Итд│тИ╗тйТтЬет▓╣тмАтБШт▓╢т║ЖтЬбткХтг▓тдДтЗЪткЭтП╝тлМтФХтдТтХ╣тйотлмтб┤тОКтИЙтбнтС╝тЫ╛т┤┤т▒втЦ░таФт╕КтП╡тндт╗От▒ЭтдЖтЬдтнЛтиЖтФмт▓╡тб╕тБвт╖╝тОСт╣ЭтВАтАЫт▒┐тВ▒тМзт╗ктЭлт╕ЭтплтЖЖтЩмтЩЪт▓┐т▓КтнРтУНтвУтШШтХЙтЛ╣т╜етвРтйЮтИ║тВ▒тЭАтжБтТнт╜ИтЮетЬ▒тзот│йт╛отПЦт┤Йтгптж╜тЪбтМДтЭзтватеитЯ░тКЩтСВткАтС╖тЕ╕т╜ВтГОт╖Итд│тИ╗тйТтЬет▓╣тмАтБШт▓╢т║ЖтЬбткХтг▓тдДтЗЪткЭтП╝тлМтФХтдТтХ╣тйотлмтб┤тОКтИЙтбнтС╝тЫ╛т┤┤т▒втЦ░таФт╕КтП╡тндт╗От▒ЭтдЖтЬдтнЛтиЖтФмт▓╡тб╕тБвт╖╝тОСт╣ЭтВАтАЫт▒┐тВ▒тМзт╗ктЭлт╕ЭтплтЖЖтЩмтЩЪт▓┐т▓КтнРтУНтвУтШШтХЙтЛ╣т╜етвРтйЮтИ║тВ▒тЭАтжБтТнт╜ИтЮетЬ▒тзот│йт╛отПЦт┤Йтгптж╜тЪбтМДтЭзтватеитЯ░тКЩтСВткАтС╖тЕ╕т╜ВтГОт╖Итд│тИ╗тйТтЬет▓╣тмАтБШт▓╢т║ЖтЬбткХтг▓тдДтЗЪткЭтП╝тлМтФХтдТтХ╣тйотлмтб┤тОКтИЙтбнтС╝тЫ╛т┤┤т▒втЦ░таФт╕КтП╡тндт╗От▒ЭтдЖтЬдтнЛтиЖтФмт▓╡тб╕тБвт╖╝тОСт╣ЭтВАтАЫт▒┐тВ▒тМзт╗ктЭлт╕ЭтплтЖЖтЩмтЩЪт▓┐т▓КтнРтУНтвУтШШтХЙтЛ╣т╜етвРтйЮтИ║тВ▒тЭАтжБтТнт╜ИтЮетЬ▒тзот│йт╛отПЦт┤Йтгптж╜тЪбтМДтЭзтватеитЯ░тКЩтСВткАтС╖тЕ╕т╜ВтГОт╖Итд│тИ╗тйТтЬет▓╣тмАтБШт▓╢т║ЖтЬбткХтг▓тдДтЗЪткЭтП╝тлМтФХтдТтХ╣тйотлмтб┤тОКтИЙтбнтС╝тЫ╛т┤┤т▒втЦ░таФт╕КтП╡тндт╗От▒ЭтдЖтЬдтнЛтиЖтФмт▓╡тб╕тБвт╖╝тОСт╣ЭтВАтАЫт▒┐тВ▒тМзт╗ктЭлт╕ЭтплтЖЖтЩмтЩЪт▓┐т▓КтнРтУНтвУтШШтХЙтЛ╣т╜етвРтйЮтИ║тВ▒тЭАтжБтТнт╜ИтЮетЬ▒тзот│йт╛отПЦт┤Йтгптж╜тЪбтМДтЭзтватеитЯ░тКЩтСВткАтС╖тЕ╕т╜ВтГОт╖Итд│тИ╗тйТтЬет▓╣тмАтБШт▓╢т║ЖтЬбткХтг▓тдДтЗЪткЭтП╝тлМтФХтдТтХ╣тйотлмтб┤тОКтИЙтбнтС╝тЫ╛т┤┤т▒втЦ░таФт╕КтП╡тндт╗От▒ЭтдЖтЬдтнЛтиЖтФмт▓╡тб╕тБвт╖╝тОСт╣ЭтВАтАЫт▒┐тВ▒тМзт╗ктЭлт╕ЭтплтЖЖтЩмтЩЪт▓┐т▓КтнРтУНтвУтШШтХЙтЛ╣т╜етвРтйЮтИ║тВ▒тЭАтжБтТнт╜ИтЮетЬ▒тзот│йт╛отПЦт┤Йтгптж╜тЪбтМДтЭзтватеитЯ░тКЩтСВткАтС╖тЕ╕т╜ВтГОт╖Итд│тИ╗тйТтЬет▓╣тмАтБШт▓╢т║ЖтЬбткХтг▓тдДтЗЪткЭтП╝тлМтФХтдТтХ╣тйотлмтб┤тОКтИЙтбнтС╝тЫ╛т┤┤т▒втЦ░таФт╕КтП╡тндт╗От▒ЭтдЖтЬдтнЛтиЖтФмт▓╡тб╕тБвт╖╝тОСт╣ЭтВАтАЫт▒┐тВ▒тМзт╗ктЭлт╕ЭтплтЖЖтЩмтЩЪт▓┐т▓КтнРтУНтвУтШШтХЙтЛ╣т╜етвРтйЮтИ║тВ▒тЭАтжБтТнт╜ИтЮетЬ▒тзот│йт╛отПЦт┤Йтгптж╜тЪбтМДтЭзтватеитЯ░тКЩтСВткАтС╖тЕ╕т╜ВтГОт╖Итд│тИ╗тйТтЬет▓╣тмАтБШт▓╢т║ЖтЬбткХтг▓тдДтЗЪткЭтП╝тлМтФХтдТтХ╣тйотлмтб┤тОКтИЙтбнтС╝тЫ╛т┤┤т▒втЦ░таФт╕КтП╡тндт╗От▒ЭтдЖтЬдтнЛтиЖтФмт▓╡тб╕тБвт╖╝тОСт╣ЭтВАтАЫт▒┐тВ▒тМзт╗ктЭлт╕ЭтплтЖЖтЩмтЩЪт▓┐т▓КтнРтУНтвУтШШтХЙтЛ╣т╜етвРтйЮтИ║тВ▒тЭАтжБтТнт╜ИтЮетЬ▒тзот│йт╛отПЦт┤Йтгптж╜тЪбтМДтЭзтватеитЯ░тКЩтСВткАтС╖тЕ╕т╜ВтГОт╖Итд│тИ╗тйТтЬет▓╣тмАтБШт▓╢т║ЖтЬбткХтг▓тдДтЗЪткЭтП╝тлМтФХтдТтХ╣тйотлмтб┤тОКтИЙтбнтС╝тЫ╛т┤┤т▒втЦ░таФт╕КтП╡тндт╗От▒ЭтдЖтЬдтнЛтиЖтФмт▓╡тб╕тБвт╖╝тОСт╣ЭтВАтАЫт▒┐тВ▒тМзт╗ктЭлт╕ЭтплтЖЖтЩмтЩЪт▓┐т▓КтнРтУНтвУтШШтХЙтЛ╣т╜етвРтйЮтИ║тВ▒тЭАтжБтТнт╜ИтЮетЬ▒тзот│йт╛отПЦт┤Йтгптж╜тЪбтМДтЭзтватеитЯ░тКЩтСВткАтС╖тЕ╕т╜ВтГОт╖Итд│тИ╗тйТтЬет▓╣тмАтБШт▓╢т║ЖтЬбткХтг▓тдДтЗЪткЭтП╝тлМтФХтдТтХ╣тйотлмтб┤тОКтИЙтбнтС╝тЫ╛т┤┤т▒втЦ░таФт╕КтП╡тндт╗От▒ЭтдЖтЬдтнЛтиЖтФмт▓╡тб╕тБвт╖╝тОСт╣ЭтВАтАЫт▒┐тВ▒тМзт╗ктЭлт╕ЭтплтЖЖтЩмтЩЪт▓┐т▓КтнРтУНтвУтШШтХЙтЛ╣т╜етвРтйЮтИ║тВ▒тЭАтжБтТнт╜ИтЮетЬ▒тзот│йт╛отПЦт┤Йтгптж╜тЪбтМДтЭзтватеитЯ░тКЩтСВткАтС╖тЕ╕т╜ВтГОт╖Итд│тИ╗тйТтЬет▓╣тмАтБШт▓╢т║ЖтЬбткХтг▓тдДтЗЪткЭтП╝тлМтФХтдТтХ╣тйотлмтб┤тОКтИЙтбнтС╝тЫ╛т┤┤т▒втЦ░таФт╕КтП╡тндт╗От▒ЭтдЖтЬдтнЛтиЖтФмт▓╡тб╕тБвт╖╝тОСт╣ЭтВАтАЫт▒┐тВ▒тМзт╗ктЭлт╕ЭтплтЖЖтЩмтЩЪт▓┐т▓КтнРтУНтвУтШШтХЙтЛ╣т╜етвРтйЮтИ║тВ▒тЭАтжБтТнт╜ИтЮетЬ▒тзот│йт╛отПЦт┤Йтгптж╜тЪбтМДтЭзтватеитЯ░тКЩтСВткАтС╖тЕ╕т╜ВтГОт╖Итд│тИ╗тйТтЬет▓╣тмАтБШт▓╢т║ЖтЬбткХтг▓тдДтЗЪткЭтП╝тлМтФХтдТтХ╣тйотлмтб┤тОКтИЙтбнтС╝тЫ╛т┤┤т▒втЦ░таФт╕КтП╡тндт╗От▒ЭтдЖтЬдтнЛтиЖтФмт▓╡тб╕тБвт╖╝тОСт╣ЭтВАтАЫт▒┐тВ▒тМзт╗ктЭлт╕ЭтплтЖЖтЩмтЩЪт▓┐т▓КтнРтУНтвУтШШтХЙтЛ╣т╜етвРтйЮтИ║тВ▒тЭАтжБтТнт╜ИтЮетЬ▒тзот│йт╛отПЦт┤Йтгптж╜тЪбтМДтЭзтватеитЯ░тКЩтСВткАтС╖тЕ╕т╜ВтГОт╖Итд│тИ╗тйТтЬет▓╣тмАтБШт▓╢т║ЖтЬбткХтг▓тдДтЗЪткЭтП╝тлМтФХтдТтХ╣тйотлмтб┤тОКтИЙтбнтС╝тЫ╛т┤┤т▒втЦ░таФт╕КтП╡тндт╗От▒ЭтдЖтЬдтнЛтиЖтФмт▓╡тб╕тБвт╖╝тОСт╣ЭтВАтАЫт▒┐тВ▒тМзт╗ктЭлт╕ЭтплтЖЖтЩмтЩЪт▓┐т▓КтнРтУНтвУтШШтХЙтЛ╣т╜етвРтйЮтИ║тВ▒тЭАтжБтТнт╜ИтЮетЬ▒тзот│йт╛отПЦт┤Йтгптж╜тЪбтМДтЭзтватеитЯ░тКЩтСВткАтС╖тЕ╕т╜ВтГОт╖Итд│тИ╗тйТтЬет▓╣тмАтБШт▓╢т║ЖтЬбткХтг▓тдДтЗЪткЭтП╝тлМтФХтдТтХ╣тйотлмтб┤тОКтИЙтбнтС╝тЫ╛т┤┤т▒втЦ░таФт╕КтП╡тндт╗От▒ЭтдЖтЬдтнЛтиЖтФмт▓╡тб╕тБвт╖╝тОСт╣ЭтВАтАЫт▒┐тВ▒тМзт╗ктЭлт╕ЭтплтЖЖтЩмтЩЪт▓┐т▓КтнРтУНтвУтШШтХЙтЛ╣т╜етвРтйЮтИ║тВ▒тЭАтжБтТнт╜ИтЮетЬ▒тзот│йт╛отПЦт┤Йтгптж╜тЪбтМДтЭзтватеитЯ░тКЩтСВткАтС╖тЕ╕т╜ВтГОт╖Итд│тИ╗тйТтЬет▓╣тмАтБШт▓╢т║ЖтЬбткХтг▓тдДтЗЪткЭтП╝тлМтФХтдТтХ╣тйотлмтб┤тОКтИЙтбнтС╝тЫ╛т┤┤т▒втЦ░таФт╕КтП╡тндт╗От▒ЭтдЖтЬдтнЛтиЖтФмт▓╡тб╕тБвт╖╝тОСт╣ЭтВАтАЫт▒┐тВ▒тМзт╗ктЭлт╕ЭтплтЖЖтЩмтЩЪт▓┐т▓КтнРтУНтвУтШШтХЙтЛ╣т╜етвРтйЮтИ║тВ▒тЭАтжБтТнт╜ИтЮетЬ▒тзот│йт╛отПЦт┤Йтгптж╜тЪбтМДтЭзтватеитЯ░тКЩтСВткАтС╖тЕ╕т╜ВтГОт╖Итд│тИ╗тйТтЬет▓╣тмАтБШт▓╢т║ЖтЬбткХтг▓тдДтЗЪткЭтП╝тлМтФХтдТтХ╣тйотлмтб┤тОКтИЙтбнтС╝тЫ╛т┤┤т▒втЦ░таФт╕КтП╡тндт╗От▒ЭтдЖтЬдтнЛтиЖтФмт▓╡тб╕тБвт╖╝тОСт╣ЭтВАтАЫт▒┐тВ▒тМзт╗ктЭлт╕ЭтплтЖЖтЩмтЩЪт▓┐т▓КтнРтУНтвУтШШтХЙтЛ╣т╜етвРтйЮтИ║тВ▒тЭАтжБтТнт╜ИтЮетЬ▒тзот│йт╛отПЦт┤Йтгптж╜тЪбтМДтЭзтватеитЯ░тКЩтСВткАтС╖тЕ╕т╜ВтГОт╖Итд│тИ╗тйТтЬет▓╣тмАтБШт▓╢т║ЖтЬбткХтг▓тдДтЗЪткЭтП╝тлМтФХтдТтХ╣тйотлмтб┤тОКтИЙтбнтС╝тЫ╛т┤┤т▒втЦ░таФт╕КтП╡тндт╗От▒ЭтдЖтЬдтнЛтиЖтФмт▓╡тб╕тБвт╖╝тОСт╣ЭтВАтАЫт▒┐тВ▒тМзт╗ктЭлт╕ЭтплтЖЖтЩмтЩЪт▓┐т▓КтнРтУНтвУтШШтХЙтЛ╣т╜етвРтйЮтИ║тВ▒тЭАтжБтТнт╜ИтЮетЬ▒тзот│йт╛отПЦт┤Йтгптж╜тЪбтМДтЭзтватеитЯ░тКЩтСВткАтС╖тЕ╕т╜ВтГОт╖Итд│тИ╗тйТтЬет▓╣тмАтБШт▓╢т║ЖтЬбткХтг▓тдДтЗЪткЭтП╝тлМтФХтдТтХ╣тйотлмтб┤тОКтИЙтбнтС╝тЫ╛т┤┤т▒втЦ░таФт╕КтП╡тндт╗От▒ЭтдЖтЬдтнЛтиЖтФмт▓╡тб╕тБвт╖╝тОСт╣ЭтВАтАЫт▒┐тВ▒тМзт╗ктЭлт╕ЭтплтЖЖтЩмтЩЪт▓┐т▓КтнРтУНтвУтШШтХЙтЛ╣т╜етвРтйЮтИ║тВ▒тЭАтжБтТнт╜ИтЮетЬ▒тзот│йт╛отПЦт┤Йтгптж╜тЪбтМДтЭзтватеитЯ░тКЩтСВткАтС╖тЕ╕т╜ВтГОт╖Итд│тИ╗тйТтЬет▓╣тмАтБШт▓╢т║ЖтЬбткХтг▓тдДтЗЪткЭтП╝тлМтФХтдТтХ╣тйотлмтб┤тОКтИЙтбнтС╝тЫ╛т┤┤т▒втЦ░таФт╕КтП╡тндт╗От▒ЭтдЖтЬдтнЛтиЖтФмт▓╡тб╕тБвт╖╝тОСт╣ЭтВАтАЫт▒┐тВ▒тМзт╗ктЭлт╕ЭтплтЖЖтЩмтЩЪт▓┐т▓КтнРтУНтвУтШШтХЙтЛ╣т╜етвРтйЮтИ║тВ▒тЭАтжБтТнт╜ИтЮетЬ▒тзот│йт╛отПЦт┤Йтгптж╜тЪбтМДтЭзтватеитЯ░тКЩтСВткАтС╖тЕ╕т╜ВтГОт╖Итд│тИ╗тйТтЬет▓╣тмАтБШт▓╢т║ЖтЬбткХтг▓тдДтЗЪткЭтП╝тлМтФХтдТтХ╣тйотлмтб┤тОКтИЙтбнтС╝тЫ╛т┤┤т▒втЦ░таФт╕КтП╡тндт╗От▒ЭтдЖтЬдтнЛтиЖтФмт▓╡тб╕тБвт╖╝тОСт╣ЭтВАтАЫт▒┐тВ▒тМзт╗ктЭлт╕ЭтплтЖЖтЩмтЩЪт▓┐т▓КтнРтУНтвУтШШтХЙтЛ╣т╜етвРтйЮтИ║тВ▒тЭАтжБтТнт╜ИтЮетЬ▒тзот│йт╛отПЦт┤Йтгптж╜тЪбтМДтЭзтватеитЯ░тКЩтСВткАтС╖тЕ╕т╜ВтГОт╖Итд│тИ╗тйТтЬет▓╣тмАтБШт▓╢т║ЖтЬбткХтг▓тдДтЗЪткЭтП╝тлМтФХтдТтХ╣тйотлмтб┤тОКтИЙтбнтС╝тЫ╛т┤┤т▒втЦ░таФт╕КтП╡тндт╗От▒ЭтдЖтЬдтнЛтиЖтФмт▓╡тб╕тБвт╖╝тОСт╣ЭтВАтАЫт▒┐тВ▒тМзт╗ктЭлт╕ЭтплтЖЖтЩмтЩЪт▓┐т▓КтнРтУНтвУтШШтХЙтЛ╣т╜етвРтйЮтИ║тВ▒тЭАтжБтТнт╜ИтЮетЬ▒тзот│йт╛отПЦт┤Йтгптж╜тЪбтМДтЭзтватеитЯ░тКЩтСВткАтС╖тЕ╕т╜ВтГОт╖Итд│тИ╗тйТтЬет▓╣тмАтБШт▓╢т║ЖтЬбткХтг▓тдДтЗЪткЭтП╝тлМтФХтдТтХ╣тйотлмтб┤тОКтИЙтбнтС╝тЫ╛т┤┤т▒втЦ░таФт╕КтП╡тндт╗От▒ЭтдЖтЬдтнЛтиЖтФмт▓╡тб╕тБвт╖╝тОСт╣ЭтВАтАЫт▒┐тВ▒тМзт╗ктЭлт╕ЭтплтЖЖтЩмтЩЪт▓┐т▓КтнРтУНтвУтШШтХЙтЛ╣т╜етвРтйЮтИ║тВ▒тЭАтжБтТнт╜ИтЮетЬ▒тзот│йт╛отПЦт┤Йтгптж╜тЪбтМДтЭзтватеитЯ░тКЩтСВткАтС╖тЕ╕т╜ВтГОт╖Итд│тИ╗тйТтЬет▓╣тмАтБШт▓╢т║ЖтЬбткХтг▓тдДтЗЪткЭтП╝тлМтФХтдТтХ╣тйотлмтб┤тОКтИЙтбнтС╝тЫ╛т┤┤т▒втЦ░таФт╕КтП╡тндт╗От▒ЭтдЖтЬдтнЛтиЖтФмт▓╡тб╕тБвт╖╝тОСт╣ЭтВАтАЫт▒┐тВ▒тМзт╗ктЭлт╕ЭтплтЖЖтЩмтЩЪт▓┐т▓КтнРтУНтвУтШШтХЙтЛ╣т╜етвРтйЮтИ║тВ▒тЭАтжБтТнт╜ИтЮетЬ▒тзот│йт╛отПЦт┤Йтгптж╜тЪбтМДтЭзтватеитЯ░тКЩтСВткАтС╖тЕ╕т╜ВтГОт╖ИтВАтАЫт▒┐тВ▒тМзт╗ктЭлт╕ЭтплтЖЖтЩмтЩЪт▓┐т▓КтнРтУНтвУтШШтХЙтЛ╣т╜етвРтйЮтИ║тВ▒тЭАтжБтТнт╜ИтЮетЬ▒тзот│йт╛отПЦт┤Йтгптж╜тЪбтМДтЭзтватеитЯ░тКЩтСВткАтС╖тЕ╕т╜ВтГОт╖Итд│тИ╗тйТтЬет▓╣тмАтБШт▓╢т║ЖтЬбткХтг▓тдДтЗЪткЭтП╝тлМтФХтдТтХ╣тйотлмтб┤тОКтИЙтбнтС╝тЫ╛т┤┤т▒втЦ░таФт╕КтП╡тндт╗От▒ЭтдЖтЬдтнЛтиЖтФмт▓╡тб╕тБвт╖╝тОСт╣ЭтВАтАЫт▒┐тВ▒тМзт╗ктЭлт╕ЭтплтЖЖтЩмтЩЪт▓┐т▓КтнРтУНтвУтШШтХЙтЛ╣т╜етвРтйЮтИ║тВ▒тЭАтжБтТнт╜ИтЮетЬ▒тзот│йт╛отПЦт┤Йтгптж╜тЪбтМДтЭзтватеитЯ░тКЩтСВткАтС╖тЕ╕т╜ВтГОт╖Итд│тИ╗тйТтЬет▓╣тмАтБШт▓╢т║ЖтЬбткХтг▓тдДтЗЪткЭтП╝тлМтФХтдТтХ╣тйотлмтб┤тОКтИЙтбнтС╝тЫ╛т┤┤т▒втЦ░таФт╕КтП╡тндт╗От▒ЭтдЖтЬдтнЛтиЖтФмт▓╡тб╕тБвт╖╝тОСт╣ЭтВАтАЫт▒┐тВ▒тМзт╗ктЭлт╕ЭтплтЖЖтЩмтЩЪт▓┐т▓КтнРтУНтвУтШШтХЙтЛ╣т╜етвРтйЮтИ║тВ▒тЭАтжБтТнт╜ИтЮетЬ▒тзот│йт╛отПЦт┤Йтгптж╜тЪбтМДтЭзтватеитЯ░тКЩтСВткАтС╖тЕ╕т╜ВтГОт╖Итд│тИ╗тйТтЬет▓╣тмАтБШт▓╢т║ЖтЬбткХтг▓тдДтЗЪткЭтП╝тлМтФХтдТтХ╣тйотлмтб┤тОКтИЙтбнтС╝тЫ╛т┤┤т▒втЦ░таФт╕КтП╡тндт╗От▒ЭтдЖтЬдтнЛтиЖтФмт▓╡тб╕тБвт╖╝тОСт╣ЭтВАтАЫт▒┐тВ▒тМзт╗ктЭлт╕ЭтплтЖЖтЩмтЩЪт▓┐т▓КтнРтУНтвУтШШтХЙтЛ╣т╜етвРтйЮтИ║тВ▒тЭАтжБтТнт╜ИтЮетЬ▒тзот│йт╛отПЦт┤Йтгптж╜тЪбтМДтЭзтватеитЯ░тКЩтСВткАтС╖тЕ╕т╜ВтГОт╖Итд│тИ╗тйТтЬет▓╣тмАтБШт▓╢т║ЖтЬбткХтг▓тдДтЗЪткЭтП╝тлМтФХтдТтХ╣тйотлмтб┤тОКтИЙтбнтС╝тЫ╛т┤┤т▒втЦ░таФт╕КтП╡тндт╗От▒ЭтдЖтЬдтнЛтиЖтФмт▓╡тб╕тБвт╖╝тОСт╣ЭтВАтАЫт▒┐тВ▒тМзт╗ктЭлт╕ЭтплтЖЖтЩмтЩЪт▓┐т▓КтнРтУНтвУтШШтХЙтЛ╣т╜етвРтйЮтИ║тВ▒тЭАтжБтТнт╜ИтЮетЬ▒тзот│йт╛отПЦт┤Йтгптж╜тЪбтМДтЭзтватеитЯ░тКЩтСВткАтС╖тЕ╕т╜ВтГОт╖Итд│тИ╗тйТтЬет▓╣тмАтБШт▓╢т║ЖтЬбткХтг▓тдДтЗЪткЭтП╝тлМтФХтдТтХ╣тйотлмтб┤тОКтИЙтбнтС╝тЫ╛т┤┤т▒втЦ░таФт╕КтП╡тндт╗От▒ЭтдЖтЬдтнЛтиЖтФмт▓╡тб╕тБвт╖╝тОСт╣ЭтВАтАЫт▒┐тВ▒тМзт╗ктЭлт╕ЭтплтЖЖтЩмтЩЪт▓┐т▓КтнРтУНтвУтШШтХЙтЛ╣т╜етвРтйЮтИ║тВ▒тЭАтжБтТнт╜ИтЮетЬ▒тзот│йт╛отПЦт┤Йтгптж╜тЪбтМДтЭзтватеитЯ░тКЩтСВткАтС╖тЕ╕т╜ВтГОт╖Итд│тИ╗тйТтЬет▓╣тмАтБШт▓╢т║ЖтЬбткХтг▓тдДтЗЪткЭтП╝тлМтФХтдТтХ╣тйотлмтб┤тОКтИЙтбнтС╝тЫ╛т┤┤т▒втЦ░таФт╕КтП╡тндт╗От▒ЭтдЖтЬдтнЛтиЖтФмт▓╡тб╕тБвт╖╝тОСт╣ЭтВАтАЫт▒┐тВ▒тМзт╗ктЭлт╕ЭтплтЖЖтЩмтЩЪт▓┐т▓КтнРтУНтвУтШШтХЙтЛ╣т╜етвРтйЮтИ║тВ▒тЭАтжБтТнт╜ИтЮетЬ▒тзот│йт╛отПЦт┤Йтгптж╜тЪбтМДтЭзтватеитЯ░тКЩтСВткАтС╖тЕ╕т╜ВтГОт╖Итд│тИ╗тйТтЬет▓╣тмАтБШт▓╢т║ЖтЬбткХтг▓тдДтЗЪткЭтП╝тлМтФХтдТтХ╣тйотлмтб┤тОКтИЙтбнтС╝тЫ╛т┤┤т▒втЦ░таФт╕КтП╡тндт╗От▒ЭтдЖтЬдтнЛтиЖтФмт▓╡тб╕тБвт╖╝тОСт╣ЭтВАтАЫт▒┐тВ▒тМзт╗ктЭлт╕ЭтплтЖЖтЩмтЩЪт▓┐т▓КтнРтУНтвУтШШтХЙтЛ╣т╜етвРтйЮтИ║тВ▒тЭАтжБтТнт╜ИтЮетЬ▒тзот│йт╛отПЦт┤Йтгптж╜тЪбтМДтЭзтватеитЯ░тКЩтСВткАтС╖тЕ╕т╜ВтГОт╖Итд│тИ╗тйТтЬет▓╣тмАтБШт▓╢т║ЖтЬбткХтг▓тдДтЗЪткЭтП╝тлМтФХтдТтХ╣тйотлмтб┤тОКтИЙтбнтС╝тЫ╛т┤┤т▒втЦ░таФт╕КтП╡тндт╗От▒ЭтдЖтЬдтнЛтиЖтФмт▓╡тб╕тБвт╖╝тОСт╣ЭтВАтАЫт▒┐тВ▒тМзт╗ктЭлт╕ЭтплтЖЖтЩмтЩЪт▓┐т▓КтнРтУНтвУтШШтХЙтЛ╣т╜етвРтйЮтИ║тВ▒тЭАтжБтТнт╜ИтЮетЬ▒тзот│йт╛отПЦт┤Йтгптж╜тЪбтМДтЭзтватеитЯ░тКЩтСВткАтС╖тЕ╕т╜ВтГОт╖Итд│тИ╗тйТтЬет▓╣тмАтБШт▓╢т║ЖтЬбткХтг▓тдДтЗЪткЭтП╝тлМтФХтдТтХ╣тйотлмтб┤тОКтИЙтбнтС╝тЫ╛т┤┤т▒втЦ░таФт╕КтП╡тндт╗От▒ЭтдЖтЬдтнЛтиЖтФмт▓╡тб╕тБвт╖╝тОСт╣ЭтВАтАЫт▒┐тВ▒тМзт╗ктЭлт╕ЭтплтЖЖтЩмтЩЪт▓┐т▓КтнРтУНтвУтШШтХЙтЛ╣т╜етвРтйЮтИ║тВ▒тЭАтжБтТнт╜ИтЮетЬ▒тзот│йт╛отПЦт┤Йтгптж╜тЪбтМДтЭзтватеитЯ░тКЩтСВткАтС╖тЕ╕т╜ВтГОт╖Итд│тИ╗тйТтЬет▓╣тмАтБШт▓╢т║ЖтЬбткХтг▓тдДтЗЪткЭтП╝тлМтФХтдТтХ╣тйотлмтб┤тОКтИЙтбнтС╝тЫ╛т┤┤т▒втЦ░таФт╕КтП╡тндт╗От▒ЭтдЖтЬдтнЛтиЖтФмт▓╡тб╕тБвт╖╝тОСт╣ЭтВАтАЫт▒┐тВ▒тМзт╗ктЭлт╕ЭтплтЖЖтЩмтЩЪт▓┐т▓КтнРтУНтвУтШШтХЙтЛ╣т╜етвРтйЮтИ║тВ▒тЭАтжБтТнт╜ИтЮетЬ▒тзот│йт╛отПЦт┤Йтгптж╜тЪбтМДтЭзтватеитЯ░тКЩтСВткАтС╖тЕ╕т╜ВтГОт╖Итд│тИ╗тйТтЬет▓╣тмАтБШт▓╢т║ЖтЬбткХтг▓тдДтЗЪткЭтП╝тлМтФХтдТтХ╣тйотлмтб┤тОКтИЙтбнтС╝тЫ╛т┤┤т▒втЦ░таФт╕КтП╡тндт╗От▒ЭтдЖтЬдтнЛтиЖтФмт▓╡тб╕тБвт╖╝тОСт╣ЭтВАтАЫт▒┐тВ▒тМзт╗ктЭлт╕ЭтплтЖЖтЩмтЩЪт▓┐т▓КтнРтУНтвУтШШтХЙтЛ╣т╜етвРтйЮтИ║тВ▒тЭАтжБтТнт╜ИтЮетЬ▒тзот│йт╛отПЦт┤Йтгптж╜тЪбтМДтЭзтватеитЯ░тКЩтСВткАтС╖тЕ╕т╜ВтГОт╖Итд│тИ╗тйТтЬет▓╣тмАтБШт▓╢т║ЖтЬбткХтг▓тдДтЗЪткЭтП╝тлМтФХтдТтХ╣тйотлмтб┤тОКтИЙтбнтС╝тЫ╛т┤┤т▒втЦ░таФт╕КтП╡тндт╗От▒ЭтдЖтЬдтнЛтиЖтФмт▓╡тб╕тБвт╖╝тОСт╣ЭтВАтАЫт▒┐тВ▒тМзт╗ктЭлт╕ЭтплтЖЖтЩмтЩЪт▓┐т▓КтнРтУНтвУтШШтХЙтЛ╣т╜етвРтйЮтИ║тВ▒тЭАтжБтТнт╜ИтЮетЬ▒тзот│йт╛отПЦт┤Йтгптж╜тЪбтМДтЭзтватеитЯ░тКЩтСВткАтС╖тЕ╕т╜ВтГОт╖Итд│тИ╗тйТтЬет▓╣тмАтБШт▓╢т║ЖтЬбткХтг▓тдДтЗЪткЭтП╝тлМтФХтдТтХ╣тйотлмтб┤тОКтИЙтбнтС╝тЫ╛т┤┤т▒втЦ░таФт╕КтП╡тндт╗От▒ЭтдЖтЬдтнЛтиЖтФмт▓╡тб╕тБвт╖╝тОСт╣ЭтВАтАЫт▒┐тВ▒тМзт╗ктЭлт╕ЭтплтЖЖтЩмтЩЪт▓┐т▓КтнРтУНтвУтШШтХЙтЛ╣т╜етвРтйЮтИ║тВ▒тЭАтжБтТнт╜ИтЮетЬ▒тзот│йт╛отПЦт┤Йтгптж╜тЪбтМДтЭзтватеитЯ░тКЩтСВткАтС╖тЕ╕т╜ВтГОт╖Итд│тИ╗тйТтЬет▓╣тмАтБШт▓╢т║ЖтЬбткХтг▓тдДтЗЪткЭтП╝тлМтФХтдТтХ╣тйотлмтб┤тОКтИЙтбнтС╝тЫ╛т┤┤т▒втЦ░таФт╕КтП╡тндт╗От▒ЭтдЖтЬдтнЛтиЖтФмт▓╡тб╕тБвт╖╝тОСт╣ЭтВАтАЫт▒┐тВ▒тМзт╗ктЭлт╕ЭтплтЖЖтЩмтЩЪт▓┐т▓КтнРтУНтвУтШШтХЙтЛ╣т╜етвРтйЮтИ║тВ▒тЭАтжБтТнт╜ИтЮетЬ▒тзот│йт╛отПЦт┤Йтгптж╜тЪбтМДтЭзтватеитЯ░тКЩтСВткАтС╖тЕ╕т╜ВтГОт╖Итд│тИ╗тйТтЬет▓╣тмАтБШт▓╢т║ЖтЬбткХтг▓тдДтЗЪткЭтП╝тлМтФХтдТтХ╣тйотлмтб┤тОКтИЙтбнтС╝тЫ╛т┤┤т▒втЦ░таФт╕КтП╡тндт╗От▒ЭтдЖтЬдтнЛтиЖтФмт▓╡тб╕тБвт╖╝тОСт╣ЭтВАтАЫт▒┐тВ▒тМзт╗ктЭлт╕ЭтплтЖЖтЩмтЩЪт▓┐т▓КтнРтУНтвУтШШтХЙтЛ╣т╜етвРтйЮтИ║тВ▒тЭАтжБтТнт╜ИтЮетЬ▒тзот│йт╛отПЦт┤Йтгптж╜тЪбтМДтЭзтватеитЯ░тКЩтСВткАтС╖тЕ╕т╜ВтГОт╖Итд│тИ╗тйТтЬет▓╣тмАтБШт▓╢т║ЖтЬбткХтг▓тдДтЗЪткЭтП╝тлМтФХтдТтХ╣тйотлмтб┤тОКтИЙтбнтС╝тЫ╛т┤┤т▒втЦ░таФт╕КтП╡тндт╗От▒ЭтдЖтЬдтнЛтиЖтФмт▓╡тб╕тБвт╖╝тОСт╣ЭтВАтАЫт▒┐тВ▒тМзт╗ктЭлт╕ЭтплтЖЖтЩмтЩЪт▓┐т▓КтнРтУНтвУтШШтХЙтЛ╣т╜етвРтйЮтИ║тВ▒тЭАтжБтТнт╜ИтЮетЬ▒тзот│йт╛отПЦт┤Йтгптж╜тЪбтМДтЭзтватеитЯ░тКЩтСВткАтС╖тЕ╕т╜ВтГОт╖Итд│тИ╗тйТтЬет▓╣тмАтБШт▓╢т║ЖтЬбткХтг▓тдДтЗЪткЭтП╝тлМтФХтдТтХ╣тйотлмтб┤тОКтИЙтбнтС╝тЫ╛т┤┤т▒втЦ░таФт╕КтП╡тндт╗От▒ЭтдЖтЬдтнЛтиЖтФмт▓╡тб╕тБвт╖╝тОСт╣ЭтВАтАЫт▒┐тВ▒тМзт╗ктЭлт╕ЭтплтЖЖтЩмтЩЪт▓┐т▓КтнРтУНтвУтШШтХЙтЛ╣т╜етвРтйЮтИ║тВ▒тЭАтжБтТнт╜ИтЮетЬ▒тзот│йт╛отПЦт┤Йтгптж╜тЪбтМДтЭзтватеитЯ░тКЩтСВткАтС╖тЕ╕т╜ВтГОт╖Итд│тИ╗тйТтЬет▓╣тмАтБШт▓╢т║ЖтЬбткХтг▓тдДтЗЪткЭтП╝тлМтФХтдТтХ╣тйотлмтб┤тОКтИЙтбнтС╝тЫ╛т┤┤т▒втЦ░таФт╕КтП╡тндт╗От▒ЭтдЖтЬдтнЛтиЖтФмт▓╡тб╕тБвт╖╝тОСт╣ЭтВАтАЫт▒┐тВ▒тМзт╗ктЭлт╕ЭтплтЖЖтЩмтЩЪт▓┐т▓КтнРтУНтвУтШШтХЙтЛ╣т╜етвРтйЮтИ║тВ▒тЭАтжБтТнт╜ИтЮетЬ▒тзот│йт╛отПЦт┤Йтгптж╜тЪбтМДтЭзтватеитЯ░тКЩтСВткАтС╖тЕ╕т╜ВтГОт╖Итд│тИ╗тйТтЬет▓╣тмАтБШт▓╢т║ЖтЬбткХтг▓тдДтЗЪткЭтП╝тлМтФХтдТтХ╣тйотлмтб┤тОКтИЙтбнтС╝тЫ╛т┤┤т▒втЦ░таФт╕КтП╡тндт╗От▒ЭтдЖтЬдтнЛтиЖтФмт▓╡тб╕тБвт╖╝тОСт╣ЭтВАтАЫт▒┐тВ▒тМзт╗ктЭлт╕ЭтплтЖЖтЩмтЩЪт▓┐т▓КтнРтУНтвУтШШтХЙтЛ╣т╜етвРтйЮтИ║тВ▒тЭАтжБтТнт╜ИтЮетЬ▒тзот│йт╛отПЦт┤Йтгптж╜тЪбтМДтЭзтватеитЯ░тКЩтСВткАтС╖тЕ╕т╜ВтГОт╖Итд│тИ╗тйТтЬет▓╣тмАтБШт▓╢т║ЖтЬбткХтг▓тдДтЗЪткЭтП╝тлМтФХтдТтХ╣тйотлмтб┤тОКтИЙтбнтС╝тЫ╛т┤┤т▒втЦ░таФт╕КтП╡тндт╗От▒ЭтдЖтЬдтнЛтиЖтФмт▓╡тб╕тБвт╖╝тОСт╣ЭтВАтАЫт▒┐тВ▒тМзт╗ктЭлт╕ЭтплтЖЖтЩмтЩЪт▓┐т▓КтнРтУНтвУтШШтХЙтЛ╣т╜етвРтйЮтИ║тВ▒тЭАтжБтТнт╜ИтЮетЬ▒тзот│йт╛отПЦт┤Йтгптж╜тЪбтМДтЭзтватеитЯ░тКЩтСВткАтС╖тЕ╕т╜ВтГОт╖Итд│тИ╗тйТтЬет▓╣тмАтБШт▓╢т║ЖтЬбткХтг▓тдДтЗЪткЭтП╝тлМтФХтдТтХ╣тйотлмтб┤тОКтИЙтбнтС╝тЫ╛т┤┤т▒втЦ░таФт╕КтП╡тндт╗От▒ЭтдЖтЬдтнЛтиЖтФмт▓╡тб╕тБвт╖╝тОСт╣ЭтВАтАЫт▒┐тВ▒тМзт╗ктЭлт╕ЭтплтЖЖтЩмтЩЪт▓┐т▓КтнРтУНтвУтШШтХЙтЛ╣т╜етвРтйЮтИ║тВ▒тЭАтжБтТнт╜ИтЮетЬ▒тзот│йт╛отПЦт┤Йтгптж╜тЪбтМДтЭзтватеитЯ░тКЩтСВткАтС╖тЕ╕т╜ВтГОт╖Итд│тИ╗тйТтЬет▓╣тмАтБШт▓╢т║ЖтЬбткХтг▓тдДтЗЪткЭтП╝тлМтФХтдТтХ╣тйотлмтб┤тОКтИЙтбнтС╝тЫ╛т┤┤т▒втЦ░таФт╕КтП╡тндт╗От▒ЭтдЖтЬдтнЛтиЖтФмт▓╡тб╕тБвт╖╝тОСт╣ЭтВАтАЫт▒┐тВ▒тМзт╗ктЭлт╕ЭтплтЖЖтЩмтЩЪт▓┐т▓КтнРтУНтвУтШШтХЙтЛ╣т╜етвРтйЮтИ║тВ▒тЭАтжБтТнт╜ИтЮетЬ▒тзот│йт╛отПЦт┤Йтгптж╜тЪбтМДтЭзтватеитЯ░тКЩтСВткАтС╖тЕ╕т╜ВтГОт╖Итд│тИ╗тйТтЬет▓╣тмАтБШт▓╢т║ЖтЬбткХтг▓тдДтЗЪткЭтП╝тлМтФХтдТтХ╣тйотлмтб┤тОКтИЙтбнтС╝тЫ╛т┤┤т▒втЦ░таФт╕КтП╡тндт╗От▒ЭтдЖтЬдтнЛтиЖтФмт▓╡тб╕тБвт╖╝тОСт╣ЭтВАтАЫт▒┐тВ▒тМзт╗ктЭлт╕ЭтплтЖЖтЩмтЩЪт▓┐т▓КтнРтУНтвУтШШтХЙтЛ╣т╜етвРтйЮтИ║тВ▒тЭАтжБтТнт╜ИтЮетЬ▒тзот│йт╛отПЦт┤Йтгптж╜тЪбтМДтЭзтватеитЯ░тКЩтСВткАтС╖тЕ╕т╜ВтГОт╖Итд│тИ╗тйТтЬет▓╣тмАтБШт▓╢т║ЖтЬбткХтг▓тдДтЗЪткЭтП╝тлМтФХтдТтХ╣тйотлмтб┤тОКтИЙтбнтС╝тЫ╛т┤┤т▒втЦ░таФт╕КтП╡тндт╗От▒ЭтдЖтЬдтнЛтиЖтФмт▓╡тб╕тБвт╖╝тОСт╣ЭтВАтАЫт▒┐тВ▒тМзт╗ктЭлт╕ЭтплтЖЖтЩмтЩЪт▓┐т▓КтнРтУНтвУтШШтХЙтЛ╣т╜етвРтйЮтИ║тВ▒тЭАтжБтТнт╜ИтЮетЬ▒тзот│йт╛отПЦт┤Йтгптж╜тЪбтМДтЭзтватеитЯ░тКЩтСВткАтС╖тЕ╕т╜ВтГОт╖Итд│тИ╗тйТтЬет▓╣тмАтБШт▓╢т║ЖтЬбткХтг▓тдДтЗЪткЭтП╝тлМтФХтдТтХ╣тйотлмтб┤тОКтИЙтбнтС╝тЫ╛т┤┤т▒втЦ░таФт╕КтП╡тндт╗От▒ЭтдЖтЬдтнЛтиЖтФмт▓╡тб╕тБвт╖╝тОСт╣ЭтВАтАЫт▒┐тВ▒тМзт╗ктЭлт╕ЭтплтЖЖтЩмтЩЪт▓┐т▓КтнРтУНтвУтШШтХЙтЛ╣т╜етвРтйЮтИ║тВ▒тЭАтжБтТнт╜ИтЮетЬ▒тзот│йт╛отПЦт┤Йтгптж╜тЪбтМДтЭзтватеитЯ░тКЩтСВткАтС╖тЕ╕т╜ВтГОт╖Итд│тИ╗тйТтЬет▓╣тмАтБШт▓╢т║ЖтЬбткХтг▓тдДтЗЪткЭтП╝тлМтФХтдТтХ╣тйотлмтб┤тОКтИЙтбнтС╝тЫ╛т┤┤т▒втЦ░таФт╕КтП╡тндт╗От▒ЭтдЖтЬдтнЛтиЖтФмт▓╡тб╕тБвт╖╝тОСт╣ЭтВАтАЫт▒┐тВ▒тМзт╗ктЭлт╕ЭтплтЖЖтЩмтЩЪт▓┐т▓КтнРтУНтвУтШШтХЙтЛ╣т╜етвРтйЮтИ║тВ▒тЭАтжБтТнт╜ИтЮетЬ▒тзот│йт╛отПЦт┤Йтгптж╜тЪбтМДтЭзтватеитЯ░тКЩтСВткАтС╖тЕ╕т╜ВтГОт╖Итд│тИ╗тйТтЬет▓╣тмАтБШт▓╢т║ЖтЬбткХтг▓тдДтЗЪткЭтП╝тлМтФХтдТтХ╣тйотлмтб┤тОКтИЙтбнтС╝тЫ╛т┤┤т▒втЦ░таФт╕КтП╡тндт╗От▒ЭтдЖтЬдтнЛтиЖтФмт▓╡тб╕тБвт╖╝тОСт╣ЭтВАтАЫт▒┐тВ▒тМзт╗ктЭлт╕ЭтплтЖЖтЩмтЩЪт▓┐т▓КтнРтУНтвУтШШтХЙтЛ╣т╜етвРтйЮтИ║тВ▒тЭАтжБтТнт╜ИтЮетЬ▒тзот│йт╛отПЦт┤Йтгптж╜тЪбтМДтЭзтватеитЯ░тКЩтСВткАтС╖тЕ╕т╜ВтГОт╖Итд│тИ╗тйТтЬет▓╣тмАтБШт▓╢т║ЖтЬбткХтг▓тдДтЗЪткЭтП╝тлМтФХтдТтХ╣тйотлмтб┤тОКтИЙтбнтС╝тЫ╛т┤┤т▒втЦ░таФт╕КтП╡тндт╗От▒ЭтдЖтЬдтнЛтиЖтФмт▓╡тб╕тБвт╖╝тОСт╣ЭтВАтАЫт▒┐тВ▒тМзт╗ктЭлт╕ЭтплтЖЖтЩмтЩЪт▓┐т▓КтнРтУНтвУтШШтХЙтЛ╣т╜етвРтйЮтИ║тВ▒тЭАтжБтТнт╜ИтЮетЬ▒тзот│йт╛отПЦт┤Йтгптж╜тЪбтМДтЭзтватеитЯ░тКЩтСВткАтС╖тЕ╕т╜ВтГОт╖Итд│тИ╗тйТтЬет▓╣тмАтБШт▓╢т║ЖтЬбткХтг▓тдДтЗЪткЭтП╝тлМтФХтдТтХ╣тйотлмтб┤тОКтИЙтбнтС╝тЫ╛т┤┤т▒втЦ░таФт╕КтП╡тндт╗От▒ЭтдЖтЬдтнЛтиЖтФмт▓╡тб╕тБвт╖╝тОСт╣ЭтВАтАЫт▒┐тВ▒тМзт╗ктЭлт╕ЭтплтЖЖтЩмтЩЪт▓┐т▓КтнРтУНтвУтШШтХЙтЛ╣т╜етвРтйЮтИ║тВ▒тЭАтжБтТнт╜ИтЮетЬ▒тзот│йт╛отПЦт┤Йтгптж╜тЪбтМДтЭзтватеитЯ░тКЩтСВткАтС╖тЕ╕т╜ВтГОт╖Итд│тИ╗тйТтЬет▓╣тмАтБШт▓╢т║ЖтЬбткХтг▓тдДтЗЪткЭтП╝тлМтФХтдТтХ╣тйотлмтб┤тОКтИЙтбнтС╝тЫ╛т┤┤т▒втЦ░таФт╕КтП╡тндт╗От▒ЭтдЖтЬдтнЛтиЖтФмт▓╡тб╕тБвт╖╝тОСт╣ЭтВАтАЫт▒┐тВ▒тМзт╗ктЭлт╕ЭтплтЖЖтЩмтЩЪт▓┐т▓КтнРтУНтвУтШШтХЙтЛ╣т╜етвРтйЮтИ║тВ▒тЭАтжБтТнт╜ИтЮетЬ▒тзот│йт╛отПЦт┤Йтгптж╜тЪбтМДтЭзтватеитЯ░тКЩтСВткАтС╖тЕ╕т╜ВтГОт╖Итд│тИ╗тйТтЬет▓╣тмАтБШт▓╢т║ЖтЬбткХтг▓тдДтЗЪткЭтП╝тлМтФХтдТтХ╣тйотлмтб┤тОКтИЙтбнтС╝тЫ╛т┤┤т▒втЦ░таФт╕КтП╡тндт╗От▒ЭтдЖтЬдтнЛтиЖтФмт▓╡тб╕тБвт╖╝тОСт╣ЭтВАтАЫт▒┐тВ▒тМзт╗ктЭлт╕ЭтплтЖЖтЩмтЩЪт▓┐т▓КтнРтУНтвУтШШтХЙтЛ╣т╜етвРтйЮтИ║тВ▒тЭАтжБтТнт╜ИтЮетЬ▒тзот│йт╛отПЦт┤Йтгптж╜тЪбтМДтЭзтватеитЯ░тКЩтСВткАтС╖тЕ╕т╜ВтГОт╖Итд│тИ╗тйТтЬет▓╣тмАтБШт▓╢т║ЖтЬбткХтг▓тдДтЗЪткЭтП╝тлМтФХтдТтХ╣тйотлмтб┤тОКтИЙтбнтС╝тЫ╛т┤┤т▒втЦ░таФт╕КтП╡тндт╗От▒ЭтдЖтЬдтнЛтиЖтФмт▓╡тб╕тБвт╖╝тОСт╣ЭтВАтАЫт▒┐тВ▒тМзт╗ктЭлт╕ЭтплтЖЖтЩмтЩЪт▓┐т▓КтнРтУНтвУтШШтХЙтЛ╣т╜етвРтйЮтИ║тВ▒тЭАтжБтТнт╜ИтЮетЬ▒тзот│йт╛отПЦт┤Йтгптж╜тЪбтМДтЭзтватеитЯ░тКЩтСВткАтС╖тЕ╕т╜ВтГОт╖Итд│тИ╗тйТтЬет▓╣тмАтБШт▓╢т║ЖтЬбткХтг▓тдДтЗЪткЭтП╝тлМтФХтдТтХ╣тйотлмтб┤тОКтИЙтбнтС╝тЫ╛т┤┤т▒втЦ░таФт╕КтП╡тндт╗От▒ЭтдЖтЬдтнЛтиЖтФмт▓╡тб╕тБвт╖╝тОСт╣ЭтВАтАЫт▒┐тВ▒тМзт╗ктЭлт╕ЭтплтЖЖтЩмтЩЪт▓┐т▓КтнРтУНтвУтШШтХЙтЛ╣т╜етвРтйЮтИ║тВ▒тЭАтжБтТнт╜ИтЮетЬ▒тзот│йт╛отПЦт┤Йтгптж╜тЪбтМДтЭзтватеитЯ░тКЩтСВткАтС╖тЕ╕т╜ВтГОт╖Итд│тИ╗тйТтЬет▓╣тмАтБШт▓╢т║ЖтЬбткХтг▓тдДтЗЪткЭтП╝тлМтФХтдТтХ╣тйотлмтб┤тОКтИЙтбнтС╝тЫ╛т┤┤т▒втЦ░таФт╕КтП╡тндт╗От▒ЭтдЖтЬдтнЛтиЖтФмт▓╡тб╕тБвт╖╝тОСт╣ЭтВАтАЫт▒┐тВ▒тМзт╗ктЭлт╕ЭтплтЖЖтЩмтЩЪт▓┐т▓КтнРтУНтвУтШШтХЙтЛ╣т╜етвРтйЮтИ║тВ▒тЭАтжБтТнт╜ИтЮетЬ▒тзот│йт╛отПЦт┤Йтгптж╜тЪбтМДтЭзтватеитЯ░тКЩтСВткАтС╖тЕ╕т╜ВтГОт╖Итд│тИ╗тйТтЬет▓╣тмАтБШт▓╢т║ЖтЬбткХтг▓тдДтЗЪткЭтП╝тлМтФХтдТтХ╣тйотлмтб┤тОКтИЙтбнтС╝тЫ╛т┤┤т▒втЦ░таФт╕КтП╡тндт╗От▒ЭтдЖтЬдтнЛтиЖтФмт▓╡тб╕тБвт╖╝тОСт╣ЭтВАтАЫт▒┐тВ▒тМзт╗ктЭлт╕ЭтплтЖЖтЩмтЩЪт▓┐т▓КтнРтУНтвУтШШтХЙтЛ╣т╜етвРтйЮтИ║тВ▒тЭАтжБтТнт╜ИтЮетЬ▒тзот│йт╛отПЦт┤Йтгптж╜тЪбтМДтЭзтватеитЯ░тКЩтСВткАтС╖тЕ╕т╜ВтГОт╖Итд│тИ╗тйТтЬет▓╣тмАтБШт▓╢т║ЖтЬбткХтг▓тдДтЗЪткЭтП╝тлМтФХтдТтХ╣тйотлмтб┤тОКтИЙтбнтС╝тЫ╛т┤┤т▒втЦ░таФт╕КтП╡тндт╗От▒ЭтдЖтЬдтнЛтиЖтФмт▓╡тб╕тБвт╖╝тОСт╣ЭтВАтАЫт▒┐тВ▒тМзт╗ктЭлт╕ЭтплтЖЖтЩмтЩЪт▓┐т▓КтнРтУНтвУтШШтХЙтЛ╣т╜етвРтйЮтИ║тВ▒тЭАтжБтТнт╜ИтЮетЬ▒тзот│йт╛отПЦт┤Йтгптж╜тЪбтМДтЭзтватеитЯ░тКЩтСВткАтС╖тЕ╕т╜ВтГОт╖Итд│тИ╗тйТтЬет▓╣тмАтБШт▓╢т║ЖтЬбткХтг▓тдДтЗЪткЭтП╝тлМтФХтдТтХ╣тйотлмтб┤тОКтИЙтбнтС╝тЫ╛т┤┤т▒втЦ░таФт╕КтП╡тндт╗От▒ЭтдЖтЬдтнЛтиЖтФмт▓╡тб╕тБвт╖╝тОСт╣ЭтВАтАЫт▒┐тВ▒тМзт╗ктЭлт╕ЭтплтЖЖтЩмтЩЪт▓┐т▓КтнРтУНтвУтШШтХЙтЛ╣т╜етвРтйЮтИ║тВ▒тЭАтжБтТнт╜ИтЮетЬ▒тзот│йт╛отПЦт┤Йтгптж╜тЪбтМДтЭзтватеитЯ░тКЩтСВткАтС╖тЕ╕т╜ВтГОт╖Итд│тИ╗тйТтЬет▓╣тмАтБШт▓╢т║ЖтЬбткХтг▓тдДтЗЪткЭтП╝тлМтФХтдТтХ╣тйотлмтб┤тОКтИЙтбнтС╝тЫ╛т┤┤т▒втЦ░таФт╕КтП╡тндт╗От▒ЭтдЖтЬдтнЛтиЖтФмт▓╡тб╕тБвт╖╝тОСт╣ЭтВАтАЫт▒┐тВ▒тМзт╗ктЭлт╕ЭтплтЖЖтЩмтЩЪт▓┐т▓КтнРтУНтвУтШШтХЙтЛ╣т╜етвРтйЮтИ║тВ▒тЭАтжБтТнт╜ИтЮетЬ▒тзот│йт╛отПЦт┤Йтгптж╜тЪбтМДтЭзтватеитЯ░тКЩтСВткАтС╖тЕ╕т╜ВтГОт╖Итд│тИ╗тйТтЬет▓╣тмАтБШт▓╢т║ЖтЬбткХтг▓тдДтЗЪткЭтП╝тлМтФХтдТтХ╣тйотлмтб┤тОКтИЙтбнтС╝тЫ╛т┤┤т▒втЦ░таФт╕КтП╡тндт╗От▒ЭтдЖтЬдтнЛтиЖтФмт▓╡тб╕тБвт╖╝тОСт╣ЭтВАтАЫт▒┐тВ▒тМзт╗ктЭлт╕ЭтплтЖЖтЩмтЩЪт▓┐т▓КтнРтУНтвУтШШтХЙтЛ╣т╜етвРтйЮтИ║тВ▒тЭАтжБтТнт╜ИтЮетЬ▒тзот│йт╛отПЦт┤Йтгптж╜тЪбтМДтЭзтватеитЯ░тКЩтСВткАтС╖тЕ╕т╜ВтГОт╖Итд│тИ╗тйТтЬет▓╣тмАтБШт▓╢т║ЖтЬбткХтг▓тдДтЗЪткЭтП╝тлМтФХтдТтХ╣тйотлмтб┤тОКтИЙтбнтС╝тЫ╛т┤┤т▒втЦ░таФт╕КтП╡тндт╗От▒ЭтдЖтЬдтнЛтиЖтФмт▓╡тб╕тБвт╖╝тОСт╣ЭтВАтАЫт▒┐тВ▒тМзт╗ктЭлт╕ЭтплтЖЖтЩмтЩЪт▓┐т▓КтнРтУНтвУтШШтХЙтЛ╣т╜етвРтйЮтИ║тВ▒тЭАтжБтТнт╜ИтЮетЬ▒тзот│йт╛отПЦт┤Йтгптж╜тЪбтМДтЭзтватеитЯ░тКЩтСВткАтС╖тЕ╕т╜ВтГОт╖Итд│тИ╗тйТтЬет▓╣тмАтБШт▓╢т║ЖтЬбткХтг▓тдДтЗЪткЭтП╝тлМтФХтдТтХ╣тйотлмтб┤тОКтИЙтбнтС╝тЫ╛т┤┤т▒втЦ░таФт╕КтП╡тндт╗От▒ЭтдЖтЬдтнЛтиЖтФмт▓╡тб╕тБвт╖╝тОСт╣ЭтВАтАЫт▒┐тВ▒тМзт╗ктЭлт╕ЭтплтЖЖтЩмтЩЪт▓┐т▓КтнРтУНтвУтШШтХЙтЛ╣т╜етвРтйЮтИ║тВ▒тЭАтжБтТнт╜ИтЮетЬ▒тзот│йт╛отПЦт┤Йтгптж╜тЪбтМДтЭзтватеитЯ░тКЩтСВткАтС╖тЕ╕т╜ВтГОт╖Итд│тИ╗тйТтЬет▓╣тмАтБШт▓╢т║ЖтЬбткХтг▓тдДтЗЪткЭтП╝тлМтФХтдТтХ╣тйотлмтб┤тОКтИЙтбнтС╝тЫ╛т┤┤т▒втЦ░таФт╕КтП╡тндт╗От▒ЭтдЖтЬдтнЛтиЖтФмт▓╡тб╕тБвт╖╝тОСт╣ЭтВАтАЫт▒┐тВ▒тМзт╗ктЭлт╕ЭтплтЖЖтЩмтЩЪт▓┐т▓КтнРтУНтвУтШШтХЙтЛ╣т╜етвРтйЮтИ║тВ▒тЭАтжБтТнт╜ИтЮетЬ▒тзот│йт╛отПЦт┤Йтгптж╜тЪбтМДтЭзтватеитЯ░тКЩтСВткАтС╖тЕ╕т╜ВтГОт╖Итд│тИ╗тйТтЬет▓╣тмАтБШт▓╢т║ЖтЬбткХтг▓тдДтЗЪткЭтП╝тлМтФХтдТтХ╣тйотлмтб┤тОКтИЙтбнтС╝тЫ╛т┤┤т▒втЦ░таФт╕КтП╡тндт╗От▒ЭтдЖтЬдтнЛтиЖтФмт▓╡тб╕тБвт╖╝тОСт╣ЭтВАтАЫт▒┐тВ▒тМзт╗ктЭлт╕ЭтплтЖЖтЩмтЩЪт▓┐т▓КтнРтУНтвУтШШтХЙтЛ╣т╜етвРтйЮтИ║тВ▒тЭАтжБтТнт╜ИтЮетЬ▒тзот│йт╛отПЦт┤Йтгптж╜тЪбтМДтЭзтватеитЯ░тКЩтСВткАтС╖тЕ╕т╜ВтГОт╖Итд│тИ╗тйТтЬет▓╣тмАтБШт▓╢т║ЖтЬбткХтг▓тдДтЗЪткЭтП╝тлМтФХтдТтХ╣тйотлмтб┤тОКтИЙтбнтС╝тЫ╛т┤┤т▒втЦ░таФт╕КтП╡тндт╗От▒ЭтдЖтЬдтнЛтиЖтФмт▓╡тб╕тБвт╖╝тОСт╣ЭтВАтАЫт▒┐тВ▒тМзт╗ктЭлт╕ЭтплтЖЖтЩмтЩЪт▓┐т▓КтнРтУНтвУтШШтХЙтЛ╣т╜етвРтйЮтИ║тВ▒тЭАтжБтТнт╜ИтЮетЬ▒тзот│йт╛отПЦт┤Йтгптж╜тЪбтМДтЭзтватеитЯ░тКЩтСВткАтС╖тЕ╕т╜ВтГОт╖Итд│тИ╗тйТтЬет▓╣тмАтБШт▓╢т║ЖтЬбткХтг▓тдДтЗЪткЭтП╝тлМтФХтдТтХ╣тйотлмтб┤тОКтИЙтбнтС╝тЫ╛т┤┤т▒втЦ░таФт╕КтП╡тндт╗От▒ЭтдЖтЬдтнЛтиЖтФмт▓╡тб╕тБвт╖╝тОСт╣ЭтВАтАЫт▒┐тВ▒тМзт╗ктЭлт╕ЭтплтЖЖтЩмтЩЪт▓┐т▓КтнРтУНтвУтШШтХЙтЛ╣т╜етвРтйЮтИ║тВ▒тЭАтжБтТнт╜ИтЮетЬ▒тзот│йт╛отПЦт┤Йтгптж╜тЪбтМДтЭзтватеитЯ░тКЩтСВткАтС╖тЕ╕т╜ВтГОт╖Итд│тИ╗тйТтЬет▓╣тмАтБШт▓╢т║ЖтЬбткХтг▓тдДтЗЪткЭтП╝тлМтФХтдТтХ╣тйотлмтб┤тОКтИЙтбнтС╝тЫ╛т┤┤т▒втЦ░таФт╕КтП╡тндт╗От▒ЭтдЖтЬдтнЛтиЖтФмт▓╡тб╕тБвт╖╝тОСт╣ЭтВАтАЫт▒┐тВ▒тМзт╗ктЭлт╕ЭтплтЖЖтЩмтЩЪт▓┐т▓КтнРтУНтвУтШШтХЙтЛ╣т╜етвРтйЮтИ║тВ▒тЭАтжБтТнт╜ИтЮетЬ▒тзот│йт╛отПЦт┤Йтгптж╜тЪбтМДтЭзтватеитЯ░тКЩтСВткАтС╖тЕ╕т╜ВтГОт╖Итд│тИ╗тйТтЬет▓╣тмАтБШт▓╢т║ЖтЬбткХтг▓тдДтЗЪткЭтП╝тлМтФХтдТтХ╣тйотлмтб┤тОКтИЙтбнтС╝тЫ╛т┤┤т▒втЦ░таФт╕КтП╡тндт╗От▒ЭтдЖтЬдтнЛтиЖтФмт▓╡тб╕тБвт╖╝тОСт╣ЭтВАтАЫт▒┐тВ▒тМзт╗ктЭлт╕ЭтплтЖЖтЩмтЩЪт▓┐т▓КтнРтУНтвУтШШтХЙтЛ╣т╜етвРтйЮтИ║тВ▒тЭАтжБтТнт╜ИтЮетЬ▒тзот│йт╛отПЦт┤Йтгптж╜тЪбтМДтЭзтватеитЯ░тКЩтСВткАтС╖тЕ╕т╜ВтГОт╖Итд│тИ╗тйТтЬет▓╣тмАтБШт▓╢т║ЖтЬбткХтг▓тдДтЗЪткЭтП╝тлМтФХтдТтХ╣тйотлмтб┤тОКтИЙтбнтС╝тЫ╛т┤┤т▒втЦ░таФт╕КтП╡тндт╗От▒ЭтдЖтЬдтнЛтиЖтФмт▓╡тб╕тБвт╖╝тОСт╣ЭтВАтАЫт▒┐тВ▒тМзт╗ктЭлт╕ЭтплтЖЖтЩмтЩЪт▓┐т▓КтнРтУНтвУтШШтХЙтЛ╣т╜етвРтйЮтИ║тВ▒тЭАтжБтТнт╜ИтЮетЬ▒тзот│йт╛отПЦт┤Йтгптж╜тЪбтМДтЭзтватеитЯ░тКЩтСВткАтС╖тЕ╕т╜ВтГОт╖Итд│тИ╗тйТтЬет▓╣тмАтБШт▓╢т║ЖтЬбткХтг▓тдДтЗЪткЭтП╝тлМтФХтдТтХ╣тйотлмтб┤тОКтИЙтбнтС╝тЫ╛т┤┤т▒втЦ░таФт╕КтП╡тндт╗От▒ЭтдЖтЬдтнЛтиЖтФмт▓╡тб╕тБвт╖╝тОСт╣ЭтВАтАЫт▒┐тВ▒тМзт╗ктЭлт╕ЭтплтЖЖтЩмтЩЪт▓┐т▓КтнРтУНтвУтШШтХЙтЛ╣т╜етвРтйЮтИ║тВ▒тЭАтжБтТнт╜ИтЮетЬ▒тзот│йт╛отПЦт┤Йтгптж╜тЪбтМДтЭзтватеитЯ░тКЩтСВткАтС╖тЕ╕т╜ВтГОт╖Итд│тИ╗тйТтЬет▓╣тмАтБШт▓╢т║ЖтЬбткХтг▓тдДтЗЪткЭтП╝тлМтФХтдТтХ╣тйотлмтб┤тОКтИЙтбнтС╝тЫ╛т┤┤т▒втЦ░таФт╕КтП╡тндт╗От▒ЭтдЖтЬдтнЛтиЖтФмт▓╡тб╕тБвт╖╝тОСт╣ЭтВАтАЫт▒┐тВ▒тМзт╗ктЭлт╕ЭтплтЖЖтЩмтЩЪт▓┐т▓КтнРтУНтвУтШШтХЙтЛ╣т╜етвРтйЮтИ║тВ▒тЭАтжБтТнт╜ИтЮетЬ▒тзот│йт╛отПЦт┤Йтгптж╜тЪбтМДтЭзтватеитЯ░тКЩтСВткАтС╖тЕ╕т╜ВтГОт╖Итд│тИ╗тйТтЬет▓╣тмАтБШт▓╢т║ЖтЬбткХтг▓тдДтЗЪткЭтП╝тлМтФХтдТтХ╣тйотлмтб┤тОКтИЙтбнтС╝тЫ╛т┤┤т▒втЦ░таФт╕КтП╡тндт╗От▒ЭтдЖтЬдтнЛтиЖтФмт▓╡тб╕тБвт╖╝тОСт╣ЭтВАтАЫт▒┐тВ▒тМзт╗ктЭлт╕ЭтплтЖЖтЩмтЩЪт▓┐т▓КтнРтУНтвУтШШтХЙтЛ╣т╜етвРтйЮтИ║тВ▒тЭАтжБтТнт╜ИтЮетЬ▒тзот│йт╛отПЦт┤Йтгптж╜тЪбтМДтЭзтватеитЯ░тКЩтСВткАтС╖тЕ╕т╜ВтГОт╖Итд│тИ╗тйТтЬет▓╣тмАтБШт▓╢т║ЖтЬбткХтг▓тдДтЗЪткЭтП╝тлМтФХтдТтХ╣тйотлмтб┤тОКтИЙтбнтС╝тЫ╛т┤┤т▒втЦ░таФт╕КтП╡тндт╗От▒ЭтдЖтЬдтнЛтиЖтФмт▓╡тб╕тБвт╖╝тОСт╣ЭтВАтАЫт▒┐тВ▒тМзт╗ктЭлт╕ЭтплтЖЖтЩмтЩЪт▓┐т▓КтнРтУНтвУтШШтХЙтЛ╣т╜етвРтйЮтИ║тВ▒тЭАтжБтТнт╜ИтЮетЬ▒тзот│йт╛отПЦт┤Йтгптж╜тЪбтМДтЭзтватеитЯ░тКЩтСВткАтС╖тЕ╕т╜ВтГОт╖Итд│тИ╗тйТтЬет▓╣тмАтБШт▓╢т║ЖтЬбткХтг▓тдДтЗЪткЭтП╝тлМтФХтдТтХ╣тйотлмтб┤тОКтИЙтбнтС╝тЫ╛т┤┤т▒втЦ░таФт╕КтП╡тндт╗От▒ЭтдЖтЬдтнЛтиЖтФмт▓╡тб╕тБвт╖╝тОСт╣ЭтВАтАЫт▒┐тВ▒тМзт╗ктЭлт╕ЭтплтЖЖтЩмтЩЪт▓┐т▓КтнРтУНтвУтШШтХЙтЛ╣т╜етвРтйЮтИ║тВ▒тЭАтжБтТнт╜ИтЮетЬ▒тзот│йт╛отПЦт┤Йтгптж╜тЪбтМДтЭзтватеитЯ░тКЩтСВткАтС╖тЕ╕т╜ВтГОт╖Итд│тИ╗тйТтЬет▓╣тмАтБШт▓╢т║ЖтЬбткХтг▓тдДтЗЪткЭтП╝тлМтФХтдТтХ╣тйотлмтб┤тОКтИЙтбнтС╝тЫ╛т┤┤т▒втЦ░таФт╕КтП╡тндт╗От▒ЭтдЖтЬдтнЛтиЖтФмт▓╡тб╕тБвт╖╝тОСт╣ЭтВАтАЫт▒┐тВ▒тМзт╗ктЭлт╕ЭтплтЖЖтЩмтЩЪт▓┐т▓КтнРтУНтвУтШШтХЙтЛ╣т╜етвРтйЮтИ║тВ▒тЭАтжБтТнт╜ИтЮетЬ▒тзот│йт╛отПЦт┤Йтгптж╜тЪбтМДтЭзтватеитЯ░тКЩтСВткАтС╖тЕ╕т╜ВтГОт╖Итд│тИ╗тйТтЬет▓╣тмАтБШт▓╢т║ЖтЬбткХтг▓тдДтЗЪткЭтП╝тлМтФХтдТтХ╣тйотлмтб┤тОКтИЙтбнтС╝тЫ╛т┤┤т▒втЦ░таФт╕КтП╡тндт╗От▒ЭтдЖтЬдтнЛтиЖтФмт▓╡тб╕тБвт╖╝тОСт╣ЭтВАтАЫт▒┐тВ▒тМзт╗ктЭлт╕ЭтплтЖЖтЩмтЩЪт▓┐т▓КтнРтУНтвУтШШтХЙтЛ╣т╜етвРтйЮтИ║тВ▒тЭАтжБтТнт╜ИтЮетЬ▒тзот│йт╛отПЦт┤Йтгптж╜тЪбтМДтЭзтватеитЯ░тКЩтСВткАтС╖тЕ╕т╜ВтГОт╖Итд│тИ╗тйТтЬет▓╣тмАтБШт▓╢т║ЖтЬбткХтг▓тдДтЗЪткЭтП╝тлМтФХтдТтХ╣тйотлмтб┤тОКтИЙтбнтС╝тЫ╛т┤┤т▒втЦ░таФт╕КтП╡тндт╗От▒ЭтдЖтЬдтнЛтиЖтФмт▓╡тб╕тБвт╖╝тОСт╣ЭтВАтАЫт▒┐тВ▒тМзт╗ктЭлт╕ЭтплтЖЖтЩмтЩЪт▓┐т▓КтнРтУНтвУтШШтХЙтЛ╣т╜етвРтйЮтИ║тВ▒тЭАтжБтТнт╜ИтЮетЬ▒тзот│йт╛отПЦт┤Йтгптж╜тЪбтМДтЭзтватеитЯ░тКЩтСВткАтС╖тЕ╕т╜ВтГОт╖Итд│тИ╗тйТтЬет▓╣тмАтБШт▓╢т║ЖтЬбткХтг▓тдДтЗЪткЭтП╝тлМтФХтдТтХ╣тйотлмтб┤тОКтИЙтбнтС╝тЫ╛т┤┤т▒втЦ░таФт╕КтП╡тндт╗От▒ЭтдЖтЬдтнЛтиЖтФмт▓╡тб╕тБвт╖╝тОСт╣ЭтВАтАЫт▒┐тВ▒тМзт╗ктЭлт╕ЭтплтЖЖтЩмтЩЪт▓┐т▓КтнРтУНтвУтШШтХЙтЛ╣т╜етвРтйЮтИ║тВ▒тЭАтжБтТнт╜ИтЮетЬ▒тзот│йт╛отПЦт┤Йтгптж╜тЪбтМДтЭзтватеитЯ░тКЩтСВткАтС╖тЕ╕т╜ВтГОт╖Итд│тИ╗тйТтЬет▓╣тмАтБШт▓╢т║ЖтЬбткХтг▓тдДтЗЪткЭтП╝тлМтФХтдТтХ╣тйотлмтб┤тОКтИЙтбнтС╝тЫ╛т┤┤т▒втЦ░таФт╕КтП╡тндт╗От▒ЭтдЖтЬдтнЛтиЖтФмт▓╡тб╕тБвт╖╝тОСт╣ЭтВАтАЫт▒┐тВ▒тМзт╗ктЭлт╕ЭтплтЖЖтЩмтЩЪт▓┐т▓КтнРтУНтвУтШШтХЙтЛ╣т╜етвРтйЮтИ║тВ▒тЭАтжБтТнт╜ИтЮетЬ▒тзот│йт╛отПЦт┤Йтгптж╜тЪбтМДтЭзтватеитЯ░тКЩтСВткАтС╖тЕ╕т╜ВтГОт╖Итд│тИ╗тйТтЬет▓╣тмАтБШт▓╢т║ЖтЬбткХтг▓тдДтЗЪткЭтП╝тлМтФХтдТтХ╣тйотлмтб┤тОКтИЙтбнтС╝тЫ╛т┤┤т▒втЦ░таФт╕КтП╡тндт╗От▒ЭтдЖтЬдтнЛтиЖтФмт▓╡тб╕тБвт╖╝тОСт╣ЭтВАтАЫт▒┐тВ▒тМзт╗ктЭлт╕ЭтплтЖЖтЩмтЩЪт▓┐т▓КтнРтУНтвУтШШтХЙтЛ╣т╜етвРтйЮтИ║тВ▒тЭАтжБтТнт╜ИтЮетЬ▒тзот│йт╛отПЦт┤Йтгптж╜тЪбтМДтЭзтватеитЯ░тКЩтСВткАтС╖тЕ╕т╜ВтГОт╖Итд│тИ╗тйТтЬет▓╣тмАтБШт▓╢т║ЖтЬбткХтг▓тдДтЗЪткЭтП╝тлМтФХтдТтХ╣тйотлмтб┤тОКтИЙтбнтС╝тЫ╛т┤┤т▒втЦ░таФт╕КтП╡тндт╗От▒ЭтдЖтЬдтнЛтиЖтФмт▓╡тб╕тБвт╖╝тОСт╣ЭтВАтАЫт▒┐тВ▒тМзт╗ктЭлт╕ЭтплтЖЖтЩмтЩЪт▓┐т▓КтнРтУНтвУтШШтХЙтЛ╣т╜етвРтйЮтИ║тВ▒тЭАтжБтТнт╜ИтЮетЬ▒тзот│йт╛отПЦт┤Йтгптж╜тЪбтМДтЭзтватеитЯ░тКЩтСВткАтС╖тЕ╕т╜ВтГОт╖Итд│тИ╗тйТтЬет▓╣тмАтБШт▓╢т║ЖтЬбткХтг▓тдДтЗЪткЭтП╝тлМтФХтдТтХ╣тйотлмтб┤тОКтИЙтбнтС╝тЫ╛т┤┤т▒втЦ░таФт╕КтП╡тндт╗От▒ЭтдЖтЬдтнЛтиЖтФмт▓╡тб╕тБвт╖╝тОСт╣ЭтВАтАЫт▒┐тВ▒тМзт╗ктЭлт╕ЭтплтЖЖтЩмтЩЪт▓┐т▓КтнРтУНтвУтШШтХЙтЛ╣т╜етвРтйЮтИ║тВ▒тЭАтжБтТнт╜ИтЮетЬ▒тзот│йт╛отПЦт┤Йтгптж╜тЪбтМДтЭзтватеитЯ░тКЩтСВткАтС╖тЕ╕т╜ВтГОт╖Итд│тИ╗тйТтЬет▓╣тмАтБШт▓╢т║ЖтЬбткХтг▓тдДтЗЪткЭтП╝тлМтФХтдТтХ╣тйотлмтб┤тОКтИЙтбнтС╝тЫ╛т┤┤т▒втЦ░таФт╕КтП╡тндт╗От▒ЭтдЖтЬдтнЛтиЖтФмт▓╡тб╕тБвт╖╝тОСт╣ЭтВАтАЫт▒┐тВ▒тМзт╗ктЭлт╕ЭтплтЖЖтЩмтЩЪт▓┐т▓КтнРтУНтвУтШШтХЙтЛ╣т╜етвРтйЮтИ║тВ▒тЭАтжБтТнт╜ИтЮетЬ▒тзот│йт╛отПЦт┤Йтгптж╜тЪбтМДтЭзтватеитЯ░тКЩтСВткАтС╖тЕ╕т╜ВтГОт╖Итд│тИ╗тйТтЬет▓╣тмАтБШт▓╢т║ЖтЬбткХтг▓тдДтЗЪткЭтП╝тлМтФХтдТтХ╣тйотлмтб┤тОКтИЙтбнтС╝тЫ╛т┤┤т▒втЦ░таФт╕КтП╡тндт╗От▒ЭтдЖтЬдтнЛтиЖтФмт▓╡тб╕тБвт╖╝тОСт╣ЭтВАтАЫт▒┐тВ▒тМзт╗ктЭлт╕ЭтплтЖЖтЩмтЩЪт▓┐т▓КтнРтУНтвУтШШтХЙтЛ╣т╜етвРтйЮтИ║тВ▒тЭАтжБтТнт╜ИтЮетЬ▒тзот│йт╛отПЦт┤Йтгптж╜тЪбтМДтЭзтватеитЯ░тКЩтСВткАтС╖тЕ╕т╜ВтГОт╖Итд│тИ╗тйТтЬет▓╣тмАтБШт▓╢т║ЖтЬбткХтг▓тдДтЗЪткЭтП╝тлМтФХтдТтХ╣тйотлмтб┤тОКтИЙтбнтС╝тЫ╛т┤┤т▒втЦ░таФт╕КтП╡тндт╗От▒ЭтдЖтЬдтнЛтиЖтФмт▓╡тб╕тБвт╖╝тОСт╣ЭтВАтАЫт▒┐тВ▒тМзт╗ктЭлт╕ЭтплтЖЖтЩмтЩЪт▓┐т▓КтнРтУНтвУтШШтХЙтЛ╣т╜етвРтйЮтИ║тВ▒тЭАтжБтТнт╜ИтЮетЬ▒тзот│йт╛отПЦт┤Йтгптж╜тЪбтМДтЭзтватеитЯ░тКЩтСВткАтС╖тЕ╕т╜ВтГОт╖Итд│тИ╗тйТтЬет▓╣тмАтБШт▓╢т║ЖтЬбткХтг▓тдДтЗЪткЭтП╝тлМтФХтдТтХ╣тйотлмтб┤тОКтИЙтбнтС╝тЫ╛т┤┤т▒втЦ░таФт╕КтП╡тндт╗От▒ЭтдЖтЬдтнЛтиЖтФмт▓╡тб╕тБвт╖╝тОСт╣ЭтВАтАЫт▒┐тВ▒тМзт╗ктЭлт╕ЭтплтЖЖтЩмтЩЪт▓┐т▓КтнРтУНтвУтШШтХЙтЛ╣т╜етвРтйЮтИ║тВ▒тЭАтжБтТнт╜ИтЮетЬ▒тзот│йт╛отПЦт┤Йтгптж╜тЪбтМДтЭзтватеитЯ░тКЩтСВткАтС╖тЕ╕т╜ВтГОт╖Итд│тИ╗тйТтЬет▓╣тмАтБШт▓╢т║ЖтЬбткХтг▓тдДтЗЪткЭтП╝тлМтФХтдТтХ╣тйотлмтб┤тОКтИЙтбнтС╝тЫ╛т┤┤т▒втЦ░таФт╕КтП╡тндт╗От▒ЭтдЖтЬдтнЛтиЖтФмт▓╡тб╕тБвт╖╝тОСт╣ЭтВАтАЫт▒┐тВ▒тМзт╗ктЭлт╕ЭтплтЖЖтЩмтЩЪт▓┐т▓КтнРтУНтвУтШШтХЙтЛ╣т╜етвРтйЮтИ║тВ▒тЭАтжБтТнт╜ИтЮетЬ▒тзот│йт╛отПЦт┤Йтгптж╜тЪбтМДтЭзтватеитЯ░тКЩтСВткАтС╖тЕ╕т╜ВтГОт╖Итд│тИ╗тйТтЬет▓╣тмАтБШт▓╢т║ЖтЬбткХтг▓тдДтЗЪткЭтП╝тлМтФХтдТтХ╣тйотлмтб┤тОКтИЙтбнтС╝тЫ╛т┤┤т▒втЦ░таФт╕КтП╡тндт╗От▒ЭтдЖтЬдтнЛтиЖтФмт▓╡тб╕тБвт╖╝тОСт╣ЭтВАтАЫт▒┐тВ▒тМзт╗ктЭлт╕ЭтплтЖЖтЩмтЩЪт▓┐т▓КтнРтУНтвУтШШтХЙтЛ╣т╜етвРтйЮтИ║тВ▒тЭАтжБтТнт╜ИтЮетЬ▒тзот│йт╛отПЦт┤Йтгптж╜тЪбтМДтЭзтватеитЯ░тКЩтСВткАтС╖тЕ╕т╜ВтГОт╖Итд│тИ╗тйТтЬет▓╣тмАтБШт▓╢т║ЖтЬбткХтг▓тдДтЗЪткЭтП╝тлМтФХтдТтХ╣тйотлмтб┤тОКтИЙтбнтС╝тЫ╛т┤┤т▒втЦ░таФт╕КтП╡тндт╗От▒ЭтдЖтЬдтнЛтиЖтФмт▓╡тб╕тБвт╖╝тОСт╣ЭтВАтАЫт▒┐тВ▒тМзт╗ктЭлт╕ЭтплтЖЖтЩмтЩЪт▓┐т▓КтнРтУНтвУтШШтХЙтЛ╣т╜етвРтйЮтИ║тВ▒тЭАтжБтТнт╜ИтЮетЬ▒тзот│йт╛отПЦт┤Йтгптж╜тЪбтМДтЭзтватеитЯ░тКЩтСВткАтС╖тЕ╕т╜ВтГОт╖Итд│тИ╗тйТтЬет▓╣тмАтБШт▓╢т║ЖтЬбткХтг▓тдДтЗЪткЭтП╝тлМтФХтдТтХ╣тйотлмтб┤тОКтИЙтбнтС╝тЫ╛т┤┤т▒втЦ░таФт╕КтП╡тндт╗От▒ЭтдЖтЬдтнЛтиЖтФмт▓╡тб╕тБвт╖╝тОСт╣ЭтВАтАЫт▒┐тВ▒тМзт╗ктЭлт╕ЭтплтЖЖтЩмтЩЪт▓┐т▓КтнРтУНтвУтШШтХЙтЛ╣т╜етвРтйЮтИ║тВ▒тЭАтжБтТнт╜ИтЮетЬ▒тзот│йт╛отПЦт┤Йтгптж╜тЪбтМДтЭзтватеитЯ░тКЩтСВткАтС╖тЕ╕т╜ВтГОт╖Итд│тИ╗тйТтЬет▓╣тмАтБШт▓╢т║ЖтЬбткХтг▓тдДтЗЪткЭтП╝тлМтФХтдТтХ╣тйотлмтб┤тОКтИЙтбнтС╝тЫ╛т┤┤т▒втЦ░таФт╕КтП╡тндт╗От▒ЭтдЖтЬдтнЛтиЖтФмт▓╡тб╕тБвт╖╝тОСт╣ЭтВАтАЫт▒┐тВ▒тМзт╗ктЭлт╕ЭтплтЖЖтЩмтЩЪт▓┐т▓КтнРтУНтвУтШШтХЙтЛ╣т╜етвРтйЮтИ║тВ▒тЭАтжБтТнт╜ИтЮетЬ▒тзот│йт╛отПЦт┤Йтгптж╜тЪбтМДтЭзтватеитЯ░тКЩтСВткАтС╖тЕ╕т╜ВтГОт╖Итд│тИ╗тйТтЬет▓╣тмАтБШт▓╢т║ЖтЬбткХтг▓тдДтЗЪткЭтП╝тлМтФХтдТтХ╣тйотлмтб┤тОКтИЙтбнтС╝тЫ╛т┤┤т▒втЦ░таФт╕КтП╡тндт╗От▒ЭтдЖтЬдтнЛтиЖтФмт▓╡тб╕тБвт╖╝тОСт╣ЭтВАтАЫт▒┐тВ▒тМзт╗ктЭлт╕ЭтплтЖЖтЩмтЩЪт▓┐т▓КтнРтУНтвУтШШтХЙтЛ╣т╜етвРтйЮтИ║тВ▒тЭАтжБтТнт╜ИтЮетЬ▒тзот│йт╛отПЦт┤Йтгптж╜тЪбтМДтЭзтватеитЯ░тКЩтСВткАтС╖тЕ╕т╜ВтГОт╖Итд│тИ╗тйТтЬет▓╣тмАтБШт▓╢т║ЖтЬбткХтг▓тдДтЗЪткЭтП╝тлМтФХтдТтХ╣тйотлмтб┤тОКтИЙтбнтС╝тЫ╛т┤┤т▒втЦ░таФт╕КтП╡тндт╗От▒ЭтдЖтЬдтнЛтиЖтФмт▓╡тб╕тБвт╖╝тОСт╣ЭтВАтАЫт▒┐тВ▒тМзт╗ктЭлт╕ЭтплтЖЖтЩмтЩЪт▓┐т▓КтнРтУНтвУтШШтХЙтЛ╣т╜етвРтйЮтИ║тВ▒тЭАтжБтТнт╜ИтЮетЬ▒тзот│йт╛отПЦт┤Йтгптж╜тЪбтМДтЭзтватеитЯ░тКЩтСВткАтС╖тЕ╕т╜ВтГОт╖Итд│тИ╗тйТтЬет▓╣тмАтБШт▓╢т║ЖтЬбткХтг▓тдДтЗЪткЭтП╝тлМтФХтдТтХ╣тйотлмтб┤тОКтИЙтбнтС╝тЫ╛т┤┤т▒втЦ░таФт╕КтП╡тндт╗От▒ЭтдЖтЬдтнЛтиЖтФмт▓╡тб╕тБвт╖╝тОСт╣ЭтВАтАЫт▒┐тВ▒тМзт╗ктЭлт╕ЭтплтЖЖтЩмтЩЪт▓┐т▓КтнРтУНтвУтШШтХЙтЛ╣т╜етвРтйЮтИ║тВ▒тЭАтжБтТнт╜ИтЮетЬ▒тзот│йт╛отПЦт┤Йтгптж╜тЪбтМДтЭзтватеитЯ░тКЩтСВткАтС╖тЕ╕т╜ВтГОт╖Итд│тИ╗тйТтЬет▓╣тмАтБШт▓╢т║ЖтЬбткХтг▓тдДтЗЪткЭтП╝тлМтФХтдТтХ╣тйотлмтб┤тОКтИЙтбнтС╝тЫ╛т┤┤т▒втЦ░таФт╕КтП╡тндт╗От▒ЭтдЖтЬдтнЛтиЖтФмт▓╡тб╕тБвт╖╝тОСт╣ЭтВАтАЫт▒┐тВ▒тМзт╗ктЭлт╕ЭтплтЖЖтЩмтЩЪт▓┐т▓КтнРтУНтвУтШШтХЙтЛ╣т╜етвРтйЮтИ║тВ▒тЭАтжБтТнт╜ИтЮетЬ▒тзот│йт╛отПЦт┤Йтгптж╜тЪбтМДтЭзтватеитЯ░тКЩтСВткАтС╖тЕ╕т╜ВтГОт╖Итд│тИ╗тйТтЬет▓╣тмАтБШт▓╢т║ЖтЬбткХтг▓тдДтЗЪткЭтП╝тлМтФХтдТтХ╣тйотлмтб┤тОКтИЙтбнтС╝тЫ╛т┤┤т▒втЦ░таФт╕КтП╡тндт╗От▒ЭтдЖтЬдтнЛтиЖтФмт▓╡тб╕тБвт╖╝тОСт╣ЭтВАтАЫт▒┐тВ▒тМзт╗ктЭлт╕ЭтплтЖЖтЩмтЩЪт▓┐т▓КтнРтУНтвУтШШтХЙтЛ╣т╜етвРтйЮтИ║тВ▒тЭАтжБтТнт╜ИтЮетЬ▒тзот│йт╛отПЦт┤Йтгптж╜тЪбтМДтЭзтватеитЯ░тКЩтСВткАтС╖тЕ╕т╜ВтГОт╖Итд│тИ╗тйТтЬет▓╣тмАтБШт▓╢т║ЖтЬбткХтг▓тдДтЗЪткЭтП╝тлМтФХтдТтХ╣тйотлмтб┤тОКтИЙтбнтС╝тЫ╛т┤┤т▒втЦ░таФт╕КтП╡тндт╗От▒ЭтдЖтЬдтнЛтиЖтФмт▓╡тб╕тБвт╖╝тОСт╣ЭтВАтАЫт▒┐тВ▒тМзт╗ктЭлт╕ЭтплтЖЖтЩмтЩЪт▓┐т▓КтнРтУНтвУтШШтХЙтЛ╣т╜етвРтйЮтИ║тВ▒тЭАтжБтТнт╜ИтЮетЬ▒тзот│йт╛отПЦт┤Йтгптж╜тЪбтМДтЭзтватеитЯ░тКЩтСВткАтС╖тЕ╕т╜ВтГОт╖Итд│тИ╗тйТтЬет▓╣тмАтБШт▓╢т║ЖтЬбткХтг▓тдДтЗЪткЭтП╝тлМтФХтдТтХ╣тйотлмтб┤тОКтИЙтбнтС╝тЫ╛т┤┤т▒втЦ░таФт╕КтП╡тндт╗От▒ЭтдЖтЬдтнЛтиЖтФмт▓╡тб╕тБвт╖╝тОСт╣ЭтВАтАЫт▒┐тВ▒тМзт╗ктЭлт╕ЭтплтЖЖтЩмтЩЪт▓┐т▓КтнРтУНтвУтШШтХЙтЛ╣т╜етвРтйЮтИ║тВ▒тЭАтжБтТнт╜ИтЮетЬ▒тзот│йт╛отПЦт┤Йтгптж╜тЪбтМДтЭзтватеитЯ░тКЩтСВткАтС╖тЕ╕т╜ВтГОт╖Итд│тИ╗тйТтЬет▓╣тмАтБШт▓╢т║ЖтЬбткХтг▓тдДтЗЪткЭтП╝тлМтФХтдТтХ╣тйотлмтб┤тОКтИЙтбнтС╝тЫ╛т┤┤т▒втЦ░таФт╕КтП╡тндт╗От▒ЭтдЖтЬдтнЛтиЖтФмт▓╡тб╕тБвт╖╝тОСт╣ЭтВАтАЫт▒┐тВ▒тМзт╗ктЭлт╕ЭтплтЖЖтЩмтЩЪт▓┐т▓КтнРтУНтвУтШШтХЙтЛ╣т╜етвРтйЮтИ║тВ▒тЭАтжБтТнт╜ИтЮетЬ▒тзот│йт╛отПЦт┤Йтгптж╜тЪбтМДтЭзтватеитЯ░тКЩтСВткАтС╖тЕ╕т╜ВтГОт╖Итд│тИ╗тйТтЬет▓╣тмАтБШт▓╢т║ЖтЬбткХтг▓тдДтЗЪткЭтП╝тлМтФХтдТтХ╣тйотлмтб┤тОКтИЙтбнтС╝тЫ╛т┤┤т▒втЦ░таФт╕КтП╡тндт╗От▒ЭтдЖтЬдтнЛтиЖтФмт▓╡тб╕тБвт╖╝тОСт╣ЭтВАтАЫт▒┐тВ▒тМзт╗ктЭлт╕ЭтплтЖЖтЩмтЩЪт▓┐т▓КтнРтУНтвУтШШтХЙтЛ╣т╜етвРтйЮтИ║тВ▒тЭАтжБтТнт╜ИтЮетЬ▒тзот│йт╛отПЦт┤Йтгптж╜тЪбтМДтЭзтватеитЯ░тКЩтСВткАтС╖тЕ╕т╜ВтГОт╖Итд│тИ╗тйТтЬет▓╣тмАтБШт▓╢т║ЖтЬбткХтг▓тдДтЗЪткЭтП╝тлМтФХтдТтХ╣тйотлмтб┤тОКтИЙтбнтС╝тЫ╛т┤┤т▒втЦ░таФт╕КтП╡тндт╗От▒ЭтдЖтЬдтнЛтиЖтФмт▓╡тб╕тБвт╖╝тОСт╣ЭтВАтАЫт▒┐тВ▒тМзт╗ктЭлт╕ЭтплтЖЖтЩмтЩЪт▓┐т▓КтнРтУНтвУтШШтХЙтЛ╣т╜етвРтйЮтИ║тВ▒тЭАтжБтТнт╜ИтЮетЬ▒тзот│йт╛отПЦт┤Йтгптж╜тЪбтМДтЭзтватеитЯ░тКЩтСВткАтС╖тЕ╕т╜ВтГОт╖Итд│тИ╗тйТтЬет▓╣тмАтБШт▓╢т║ЖтЬбткХтг▓тдДтЗЪткЭтП╝тлМтФХтдТтХ╣тйотлмтб┤тОКтИЙтбнтС╝тЫ╛т┤┤т▒втЦ░таФт╕КтП╡тндт╗От▒ЭтдЖтЬдтнЛтиЖтФмт▓╡тб╕тБвт╖╝тОСт╣ЭтВАтАЫт▒┐тВ▒тМзт╗ктЭлт╕ЭтплтЖЖтЩмтЩЪт▓┐т▓КтнРтУНтвУтШШтХЙтЛ╣т╜етвРтйЮтИ║тВ▒тЭАтжБтТнт╜ИтЮетЬ▒тзот│йт╛отПЦт┤Йтгптж╜тЪбтМДтЭзтватеитЯ░тКЩтСВткАтС╖тЕ╕т╜ВтГОт╖Итд│тИ╗тйТтЬет▓╣тмАтБШт▓╢т║ЖтЬбткХтг▓тдДтЗЪткЭтП╝тлМтФХтдТтХ╣тйотлмтб┤тОКтИЙтбнтС╝тЫ╛т┤┤т▒втЦ░таФт╕КтП╡тндт╗От▒ЭтдЖтЬдтнЛтиЖтФмт▓╡тб╕тБвт╖╝тОСт╣ЭтВАтАЫт▒┐тВ▒тМзт╗ктЭлт╕ЭтплтЖЖтЩмтЩЪт▓┐т▓КтнРтУНтвУтШШтХЙтЛ╣т╜етвРтйЮтИ║тВ▒тЭАтжБтТнт╜ИтЮетЬ▒тзот│йт╛отПЦт┤Йтгптж╜тЪбтМДтЭзтватеитЯ░тКЩтСВткАтС╖тЕ╕т╜ВтГОт╖Итд│тИ╗тйТтЬет▓╣тмАтБШт▓╢т║ЖтЬбткХтг▓тдДтЗЪткЭтП╝тлМтФХтдТтХ╣тйотлмтб┤тОКтИЙтбнтС╝тЫ╛т┤┤т▒втЦ░таФт╕КтП╡тндт╗От▒ЭтдЖтЬдтнЛтиЖтФмт▓╡тб╕тБвт╖╝тОСт╣ЭтВАтАЫт▒┐тВ▒тМзт╗ктЭлт╕ЭтплтЖЖтЩмтЩЪт▓┐т▓КтнРтУНтвУтШШтХЙтЛ╣т╜етвРтйЮтИ║тВ▒тЭАтжБтТнт╜ИтЮетЬ▒тзот│йт╛отПЦт┤Йтгптж╜тЪбтМДтЭзтватеитЯ░тКЩтСВткАтС╖тЕ╕т╜ВтГОт╖Итд│тИ╗тйТтЬет▓╣тмАтБШт▓╢т║ЖтЬбткХтг▓тдДтЗЪткЭтП╝тлМтФХтдТтХ╣тйотлмтб┤тОКтИЙтбнтС╝тЫ╛т┤┤т▒втЦ░таФт╕КтП╡тндт╗От▒ЭтдЖтЬдтнЛтиЖтФмт▓╡тб╕тБвт╖╝тОСт╣ЭтВАтАЫт▒┐тВ▒тМзт╗ктЭлт╕ЭтплтЖЖтЩмтЩЪт▓┐т▓КтнРтУНтвУтШШтХЙтЛ╣т╜етвРтйЮтИ║тВ▒тЭАтжБтТнт╜ИтЮетЬ▒тзот│йт╛отПЦт┤Йтгптж╜тЪбтМДтЭзтватеитЯ░тКЩтСВткАтС╖тЕ╕т╜ВтГОт╖Итд│тИ╗тйТтЬет▓╣тмАтБШт▓╢т║ЖтЬбткХтг▓тдДтЗЪткЭтП╝тлМтФХтдТтХ╣тйотлмтб┤тОКтИЙтбнтС╝тЫ╛т┤┤т▒втЦ░таФт╕КтП╡тндт╗От▒ЭтдЖтЬдтнЛтиЖтФмт▓╡тб╕тБвт╖╝тОСт╣ЭтВАтАЫт▒┐тВ▒тМзт╗ктЭлт╕ЭтплтЖЖтЩмтЩЪт▓┐т▓КтнРтУНтвУтШШтХЙтЛ╣т╜етвРтйЮтИ║тВ▒тЭАтжБтТнт╜ИтЮетЬ▒тзот│йт╛отПЦт┤Йтгптж╜тЪбтМДтЭзтватеитЯ░тКЩтСВткАтС╖тЕ╕т╜ВтГОт╖Итд│тИ╗тйТтЬет▓╣тмАтБШт▓╢т║ЖтЬбткХтг▓тдДтЗЪткЭтП╝тлМтФХтдТтХ╣тйотлмтб┤тОКтИЙтбнтС╝тЫ╛т┤┤т▒втЦ░таФт╕КтП╡тндт╗От▒ЭтдЖтЬдтнЛтиЖтФмт▓╡тб╕тБвт╖╝тОСт╣ЭтВАтАЫт▒┐тВ▒тМзт╗ктЭлт╕ЭтплтЖЖтЩмтЩЪт▓┐т▓КтнРтУНтвУтШШтХЙтЛ╣т╜етвРтйЮтИ║тВ▒тЭАтжБтТнт╜ИтЮетЬ▒тзот│йт╛отПЦт┤Йтгптж╜тЪбтМДтЭзтватеитЯ░тКЩтСВткАтС╖тЕ╕т╜ВтГОт╖Итд│тИ╗тйТтЬет▓╣тмАтБШт▓╢т║ЖтЬбткХтг▓тдДтЗЪткЭтП╝тлМтФХтдТтХ╣тйотлмтб┤тОКтИЙтбнтС╝тЫ╛т┤┤т▒втЦ░таФт╕КтП╡тндт╗От▒ЭтдЖтЬдтнЛтиЖтФмт▓╡тб╕тБвт╖╝тОСт╣ЭтВАтАЫт▒┐тВ▒тМзт╗ктЭлт╕ЭтплтЖЖтЩмтЩЪт▓┐т▓КтнРтУНтвУтШШтХЙтЛ╣т╜етвРтйЮтИ║тВ▒тЭАтжБтТнт╜ИтЮетЬ▒тзот│йт╛отПЦт┤Йтгптж╜тЪбтМДтЭзтватеитЯ░тКЩтСВткАтС╖тЕ╕т╜ВтГОт╖Итд│тИ╗тйТтЬет▓╣тмАтБШт▓╢т║ЖтЬбткХтг▓тдДтЗЪткЭтП╝тлМтФХтдТтХ╣тйотлмтб┤тОКтИЙтбнтС╝тЫ╛т┤┤т▒втЦ░таФт╕КтП╡тндт╗От▒ЭтдЖтЬдтнЛтиЖтФмт▓╡тб╕тБвт╖╝тОСт╣ЭтВАтАЫт▒┐тВ▒тМзт╗ктЭлт╕ЭтплтЖЖтЩмтЩЪт▓┐т▓КтнРтУНтвУтШШтХЙтЛ╣т╜етвРтйЮтИ║тВ▒тЭАтжБтТнт╜ИтЮетЬ▒тзот│йт╛отПЦт┤Йтгптж╜тЪбтМДтЭзтватеитЯ░тКЩтСВткАтС╖тЕ╕т╜ВтГОт╖Итд│тИ╗тйТтЬет▓╣тмАтБШт▓╢т║ЖтЬбткХтг▓тдДтЗЪткЭтП╝тлМтФХтдТтХ╣тйотлмтб┤тОКтИЙтбнтС╝тЫ╛т┤┤т▒втЦ░таФт╕КтП╡тндт╗От▒ЭтдЖтЬдтнЛтиЖтФмт▓╡тб╕тБвт╖╝тОСт╣ЭтВАтАЫт▒┐тВ▒тМзт╗ктЭлт╕ЭтплтЖЖтЩмтЩЪт▓┐т▓КтнРтУНтвУтШШтХЙтЛ╣т╜етвРтйЮтИ║тВ▒тЭАтжБтТнт╜ИтЮетЬ▒тзот│йт╛отПЦт┤Йтгптж╜тЪбтМДтЭзтватеитЯ░тКЩтСВткАтС╖тЕ╕т╜ВтГОт╖Итд│тИ╗тйТтЬет▓╣тмАтБШт▓╢т║ЖтЬбткХтг▓тдДтЗЪткЭтП╝тлМтФХтдТтХ╣тйотлмтб┤тОКтИЙтбнтС╝тЫ╛т┤┤т▒втЦ░таФт╕КтП╡тндт╗От▒ЭтдЖтЬдтнЛтиЖтФмт▓╡тб╕тБвт╖╝тОСт╣ЭтВАтАЫт▒┐тВ▒тМзт╗ктЭлт╕ЭтплтЖЖтЩмтЩЪт▓┐т▓КтнРтУНтвУтШШтХЙтЛ╣т╜етвРтйЮтИ║тВ▒тЭАтжБтТнт╜ИтЮетЬ▒тзот│йт╛отПЦт┤Йтгптж╜тЪбтМДтЭзтватеитЯ░тКЩтСВткАтС╖тЕ╕т╜ВтГОт╖Итд│тИ╗тйТтЬет▓╣тмАтБШт▓╢т║ЖтЬбткХтг▓тдДтЗЪткЭтП╝тлМтФХтдТтХ╣тйотлмтб┤тОКтИЙтбнтС╝тЫ╛т┤┤т▒втЦ░таФт╕КтП╡тндт╗От▒ЭтдЖтЬдтнЛтиЖтФмт▓╡тб╕тБвт╖╝тОСт╣ЭтВАтАЫт▒┐тВ▒тМзт╗ктЭлт╕ЭтплтЖЖтЩмтЩЪт▓┐т▓КтнРтУНтвУтШШтХЙтЛ╣т╜етвРтйЮтИ║тВ▒тЭАтжБтТнт╜ИтЮетЬ▒тзот│йт╛отПЦт┤Йтгптж╜тЪбтМДтЭзтватеитЯ░тКЩтСВткАтС╖тЕ╕т╜ВтГОт╖Итд│тИ╗тйТтЬет▓╣тмАтБШт▓╢т║ЖтЬбткХтг▓тдДтЗЪткЭтП╝тлМтФХтдТтХ╣тйотлмтб┤тОКтИЙтбнтС╝тЫ╛т┤┤т▒втЦ░таФт╕КтП╡тндт╗От▒ЭтдЖтЬдтнЛтиЖтФмт▓╡тб╕тБвт╖╝тОСт╣ЭтВАтАЫт▒┐тВ▒тМзт╗ктЭлт╕ЭтплтЖЖтЩмтЩЪт▓┐т▓КтнРтУНтвУтШШтХЙтЛ╣т╜етвРтйЮтИ║тВ▒тЭАтжБтТнт╜ИтЮетЬ▒тзот│йт╛отПЦт┤Йтгптж╜тЪбтМДтЭзтватеитЯ░тКЩтСВткАтС╖тЕ╕т╜ВтГОт╖Итд│тИ╗тйТтЬет▓╣тмАтБШт▓╢т║ЖтЬбткХтг▓тдДтЗЪткЭтП╝тлМтФХтдТтХ╣тйотлмтб┤тОКтИЙтбнтС╝тЫ╛т┤┤т▒втЦ░таФт╕КтП╡тндт╗От▒ЭтдЖтЬдтнЛтиЖтФмт▓╡тб╕тБвт╖╝тОСт╣ЭтВАтАЫт▒┐тВ▒тМзт╗ктЭлт╕ЭтплтЖЖтЩмтЩЪт▓┐т▓КтнРтУНтвУтШШтХЙтЛ╣т╜етвРтйЮтИ║тВ▒тЭАтжБтТнт╜ИтЮетЬ▒тзот│йт╛отПЦт┤Йтгптж╜тЪбтМДтЭзтватеитЯ░тКЩтСВткАтС╖тЕ╕т╜ВтГОт╖Итд│тИ╗тйТтЬет▓╣тмАтБШт▓╢т║ЖтЬбткХтг▓тдДтЗЪткЭтП╝тлМтФХтдТтХ╣тйотлмтб┤тОКтИЙтбнтС╝тЫ╛т┤┤т▒втЦ░таФт╕КтП╡тндт╗От▒ЭтдЖтЬдтнЛтиЖтФмт▓╡тб╕тБвт╖╝тОСт╣ЭтВАтАЫт▒┐тВ▒тМзт╗ктЭлт╕ЭтплтЖЖтЩмтЩЪт▓┐т▓КтнРтУНтвУтШШтХЙтЛ╣т╜етвРтйЮтИ║тВ▒тЭАтжБтТнт╜ИтЮетЬ▒тзот│йт╛отПЦт┤Йтгптж╜тЪбтМДтЭзтватеитЯ░тКЩтСВткАтС╖тЕ╕т╜ВтГОт╖Итд│тИ╗тйТтЬет▓╣тмАтБШт▓╢т║ЖтЬбткХтг▓тдДтЗЪткЭтП╝тлМтФХтдТтХ╣тйотлмтб┤тОКтИЙтбнтС╝тЫ╛т┤┤т▒втЦ░таФт╕КтП╡тндт╗От▒ЭтдЖтЬдтнЛтиЖтФмт▓╡тб╕тБвт╖╝тОСт╣ЭтВАтАЫт▒┐тВ▒тМзт╗ктЭлт╕ЭтплтЖЖтЩмтЩЪт▓┐т▓КтнРтУНтвУтШШтХЙтЛ╣т╜етвРтйЮтИ║тВ▒тЭАтжБтТнт╜ИтЮетЬ▒тзот│йт╛отПЦт┤Йтгптж╜тЪбтМДтЭзтватеитЯ░тКЩтСВткАтС╖тЕ╕т╜ВтГОт╖Итд│тИ╗тйТтЬет▓╣тмАтБШт▓╢т║ЖтЬбткХтг▓тдДтЗЪткЭтП╝тлМтФХтдТтХ╣тйотлмтб┤тОКтИЙтбнтС╝тЫ╛т┤┤т▒втЦ░таФт╕КтП╡тндт╗От▒ЭтдЖтЬдтнЛтиЖтФмт▓╡тб╕тБвт╖╝тОСт╣ЭтВАтАЫт▒┐тВ▒тМзт╗ктЭлт╕ЭтплтЖЖтЩмтЩЪт▓┐т▓КтнРтУНтвУтШШтХЙтЛ╣т╜етвРтйЮтИ║тВ▒тЭАтжБтТнт╜ИтЮетЬ▒тзот│йт╛отПЦт┤Йтгптж╜тЪбтМДтЭзтватеитЯ░тКЩтСВткАтС╖тЕ╕т╜ВтГОт╖Итд│тИ╗тйТтЬет▓╣тмАтБШт▓╢т║ЖтЬбткХтг▓тдДтЗЪткЭтП╝тлМтФХтдТтХ╣тйотлмтб┤тОКтИЙтбнтС╝тЫ╛т┤┤т▒втЦ░таФт╕КтП╡тндт╗От▒ЭтдЖтЬдтнЛтиЖтФмт▓╡тб╕тБвт╖╝тОСт╣ЭтВАтАЫт▒┐тВ▒тМзт╗ктЭлт╕ЭтплтЖЖтЩмтЩЪт▓┐т▓КтнРтУНтвУтШШтХЙтЛ╣т╜етвРтйЮтИ║тВ▒тЭАтжБтТнт╜ИтЮетЬ▒тзот│йт╛отПЦт┤Йтгптж╜тЪбтМДтЭзтватеитЯ░тКЩтСВткАтС╖тЕ╕т╜ВтГОт╖Итд│тИ╗тйТтЬет▓╣тмАтБШт▓╢т║ЖтЬбткХтг▓тдДтЗЪткЭтП╝тлМтФХтдТтХ╣тйотлмтб┤тОКтИЙтбнтС╝тЫ╛т┤┤т▒втЦ░таФт╕КтП╡тндт╗От▒ЭтдЖтЬдтнЛтиЖтФмт▓╡тб╕тБвт╖╝тОСт╣ЭтВАтАЫт▒┐тВ▒тМзт╗ктЭлт╕ЭтплтЖЖтЩмтЩЪт▓┐т▓КтнРтУНтвУтШШтХЙтЛ╣т╜етвРтйЮтИ║тВ▒тЭАтжБтТнт╜ИтЮетЬ▒тзот│йт╛отПЦт┤Йтгптж╜тЪбтМДтЭзтватеитЯ░тКЩтСВткАтС╖тЕ╕т╜ВтГОт╖Итд│тИ╗тйТтЬет▓╣тмАтБШт▓╢т║ЖтЬбткХтг▓тдДтЗЪткЭтП╝тлМтФХтдТтХ╣тйотлмтб┤тОКтИЙтбнтС╝тЫ╛т┤┤т▒втЦ░таФт╕КтП╡тндт╗От▒ЭтдЖтЬдтнЛтиЖтФмт▓╡тб╕тБвт╖╝тОСт╣ЭтВАтАЫт▒┐тВ▒тМзт╗ктЭлт╕ЭтплтЖЖтЩмтЩЪт▓┐т▓КтнРтУНтвУтШШтХЙтЛ╣т╜етвРтйЮтИ║тВ▒тЭАтжБтТнт╜ИтЮетЬ▒тзот│йт╛отПЦт┤Йтгптж╜тЪбтМДтЭзтватеитЯ░тКЩтСВткАтС╖тЕ╕т╜ВтГОт╖Итд│тИ╗тйТтЬет▓╣тмАтБШт▓╢т║ЖтЬбткХтг▓тдДтЗЪткЭтП╝тлМтФХтдТтХ╣тйотлмтб┤тОКтИЙтбнтС╝тЫ╛т┤┤т▒втЦ░таФт╕КтП╡тндт╗От▒ЭтдЖтЬдтнЛтиЖтФмт▓╡тб╕тБвт╖╝тОСт╣ЭтВАтАЫт▒┐тВ▒тМзт╗ктЭлт╕ЭтплтЖЖтЩмтЩЪт▓┐т▓КтнРтУНтвУтШШтХЙтЛ╣т╜етвРтйЮтИ║тВ▒тЭАтжБтТнт╜ИтЮетЬ▒тзот│йт╛отПЦт┤Йтгптж╜тЪбтМДтЭзтватеитЯ░тКЩтСВткАтС╖тЕ╕т╜ВтГОт╖Итд│тИ╗тйТтЬет▓╣тмАтБШт▓╢т║ЖтЬбткХтг▓тдДтЗЪткЭтП╝тлМтФХтдТтХ╣тйотлмтб┤тОКтИЙтбнтС╝тЫ╛т┤┤т▒втЦ░таФт╕КтП╡тндт╗От▒ЭтдЖтЬдтнЛтиЖтФмт▓╡тб╕тБвт╖╝тОСт╣ЭтВАтАЫт▒┐тВ▒тМзт╗ктЭлт╕ЭтплтЖЖтЩмтЩЪт▓┐т▓КтнРтУНтвУтШШтХЙтЛ╣т╜етвРтйЮтИ║тВ▒тЭАтжБтТнт╜ИтЮетЬ▒тзот│йт╛отПЦт┤Йтгптж╜тЪбтМДтЭзтватеитЯ░тКЩтСВткАтС╖тЕ╕т╜ВтГОт╖Итд│тИ╗тйТтЬет▓╣тмАтБШт▓╢т║ЖтЬбткХтг▓тдДтЗЪткЭтП╝тлМтФХтдТтХ╣тйотлмтб┤тОКтИЙтбнтС╝тЫ╛т┤┤т▒втЦ░таФт╕КтП╡тндт╗От▒ЭтдЖтЬдтнЛтиЖтФмт▓╡тб╕тБвт╖╝тОСт╣ЭтВАтАЫт▒┐тВ▒тМзт╗ктЭлт╕ЭтплтЖЖтЩмтЩЪт▓┐т▓КтнРтУНтвУтШШтХЙтЛ╣т╜етвРтйЮтИ║тВ▒тЭАтжБтТнт╜ИтЮетЬ▒тзот│йт╛отПЦт┤Йтгптж╜тЪбтМДтЭзтватеитЯ░тКЩтСВткАтС╖тЕ╕т╜ВтГОт╖Итд│тИ╗тйТтЬет▓╣тмАтБШт▓╢т║ЖтЬбткХтг▓тдДтЗЪткЭтП╝тлМтФХтдТтХ╣тйотлмтб┤тОКтИЙтбнтС╝тЫ╛т┤┤т▒втЦ░таФт╕КтП╡тндт╗От▒ЭтдЖтЬдтнЛтиЖтФмт▓╡тб╕тБвт╖╝тОСт╣ЭтВАтАЫт▒┐тВ▒тМзт╗ктЭлт╕ЭтплтЖЖтЩмтЩЪт▓┐т▓КтнРтУНтвУтШШтХЙтЛ╣т╜етвРтйЮтИ║тВ▒тЭАтжБтТнт╜ИтЮетЬ▒тзот│йт╛отПЦт┤Йтгптж╜тЪбтМДтЭзтватеитЯ░тКЩтСВткАтС╖тЕ╕т╜ВтГОт╖Итд│тИ╗тйТтЬет▓╣тмАтБШт▓╢т║ЖтЬбткХтг▓тдДтЗЪткЭтП╝тлМтФХтдТтХ╣тйотлмтб┤тОКтИЙтбнтС╝тЫ╛т┤┤т▒втЦ░таФт╕КтП╡тндт╗От▒ЭтдЖтЬдтнЛтиЖтФмт▓╡тб╕тБвт╖╝тОСт╣ЭтВАтАЫт▒┐тВ▒тМзт╗ктЭлт╕ЭтплтЖЖтЩмтЩЪт▓┐т▓КтнРтУНтвУтШШтХЙтЛ╣т╜етвРтйЮтИ║тВ▒тЭАтжБтТнт╜ИтЮетЬ▒тзот│йт╛отПЦт┤Йтгптж╜тЪбтМДтЭзтватеитЯ░тКЩтСВткАтС╖тЕ╕т╜ВтГОт╖Итд│тИ╗тйТтЬет▓╣тмАтБШт▓╢т║ЖтЬбткХтг▓тдДтЗЪткЭтП╝тлМтФХтдТтХ╣тйотлмтб┤тОКтИЙтбнтС╝тЫ╛т┤┤т▒втЦ░таФт╕КтП╡тндт╗От▒ЭтдЖтЬдтнЛтиЖтФмт▓╡тб╕тБвт╖╝тОСт╣ЭтВАтАЫт▒┐тВ▒тМзт╗ктЭлт╕ЭтплтЖЖтЩмтЩЪт▓┐т▓КтнРтУНтвУтШШтХЙтЛ╣т╜етвРтйЮтИ║тВ▒тЭАтжБтТнт╜ИтЮетЬ▒тзот│йт╛отПЦт┤Йтгптж╜тЪбтМДтЭзтватеитЯ░тКЩтСВткАтС╖тЕ╕т╜ВтГОт╖Итд│тИ╗тйТтЬет▓╣тмАтБШт▓╢т║ЖтЬбткХтг▓тдДтЗЪткЭтП╝тлМтФХтдТтХ╣тйотлмтб┤тОКтИЙтбнтС╝тЫ╛т┤┤т▒втЦ░таФт╕КтП╡тндт╗От▒ЭтдЖтЬдтнЛтиЖтФмт▓╡тб╕тБвт╖╝тОСт╣ЭтВАтАЫт▒┐тВ▒тМзт╗ктЭлт╕ЭтплтЖЖтЩмтЩЪт▓┐т▓КтнРтУНтвУтШШтХЙтЛ╣т╜етвРтйЮтИ║тВ▒тЭАтжБтТнт╜ИтЮетЬ▒тзот│йт╛отПЦт┤Йтгптж╜тЪбтМДтЭзтватеитЯ░тКЩтСВткАтС╖тЕ╕т╜ВтГОт╖Итд│тИ╗тйТтЬет▓╣тмАтБШт▓╢т║ЖтЬбткХтг▓тдДтЗЪткЭтП╝тлМтФХтдТтХ╣тйотлмтб┤тОКтИЙтбнтС╝тЫ╛т┤┤т▒втЦ░таФт╕КтП╡тндт╗От▒ЭтдЖтЬдтнЛтиЖтФмт▓╡тб╕тБвт╖╝тОСт╣ЭтВАтАЫт▒┐тВ▒тМзт╗ктЭлт╕ЭтплтЖЖтЩмтЩЪт▓┐т▓КтнРтУНтвУтШШтХЙтЛ╣т╜етвРтйЮтИ║тВ▒тЭАтжБтТнт╜ИтЮетЬ▒тзот│йт╛отПЦт┤Йтгптж╜тЪбтМДтЭзтватеитЯ░тКЩтСВткАтС╖тЕ╕т╜ВтГОт╖Итд│тИ╗тйТтЬет▓╣тмАтБШт▓╢т║ЖтЬбткХтг▓тдДтЗЪткЭтП╝тлМтФХтдТтХ╣тйотлмтб┤тОКтИЙтбнтС╝тЫ╛т┤┤т▒втЦ░таФт╕КтП╡тндт╗От▒ЭтдЖтЬдтнЛтиЖтФмт▓╡тб╕тБвт╖╝тОСт╣ЭтВАтАЫт▒┐тВ▒тМзт╗ктЭлт╕ЭтплтЖЖтЩмтЩЪт▓┐т▓КтнРтУНтвУтШШтХЙтЛ╣т╜етвРтйЮтИ║тВ▒тЭАтжБтТнт╜ИтЮетЬ▒тзот│йт╛отПЦт┤Йтгптж╜тЪбтМДтЭзтватеитЯ░тКЩтСВткАтС╖тЕ╕т╜ВтГОт╖Итд│тИ╗тйТтЬет▓╣тмАтБШт▓╢т║ЖтЬбткХтг▓тдДтЗЪткЭтП╝тлМтФХтдТтХ╣тйотлмтб┤тОКтИЙтбнтС╝тЫ╛т┤┤т▒втЦ░таФт╕КтП╡тндт╗От▒ЭтдЖтЬдтнЛтиЖтФмт▓╡тб╕тБвт╖╝тОСт╣ЭтВАтАЫт▒┐тВ▒тМзт╗ктЭлт╕ЭтплтЖЖтЩмтЩЪт▓┐т▓КтнРтУНтвУтШШтХЙтЛ╣т╜етвРтйЮтИ║тВ▒тЭАтжБтТнт╜ИтЮетЬ▒тзот│йт╛отПЦт┤Йтгптж╜тЪбтМДтЭзтватеитЯ░тКЩтСВткАтС╖тЕ╕т╜ВтГОт╖Итд│тИ╗тйТтЬет▓╣тмАтБШт▓╢т║ЖтЬбткХтг▓тдДтЗЪткЭтП╝тлМтФХтдТтХ╣тйотлмтб┤тОКтИЙтбнтС╝тЫ╛т┤┤т▒втЦ░таФт╕КтП╡тндт╗От▒ЭтдЖтЬдтнЛтиЖтФмт▓╡тб╕тБвт╖╝тОСт╣ЭтВАтАЫт▒┐тВ▒тМзт╗ктЭлт╕ЭтплтЖЖтЩмтЩЪт▓┐т▓КтнРтУНтвУтШШтХЙтЛ╣т╜етвРтйЮтИ║тВ▒тЭАтжБтТнт╜ИтЮетЬ▒тзот│йт╛отПЦт┤Йтгптж╜тЪбтМДтЭзтватеитЯ░тКЩтСВткАтС╖тЕ╕т╜ВтГОт╖Итд│тИ╗тйТтЬет▓╣тмАтБШт▓╢т║ЖтЬбткХтг▓тдДтЗЪткЭтП╝тлМтФХтдТтХ╣тйотлмтб┤тОКтИЙтбнтС╝тЫ╛т┤┤т▒втЦ░таФт╕КтП╡тндт╗От▒ЭтдЖтЬдтнЛтиЖтФмт▓╡тб╕тБвт╖╝тОСт╣ЭтВАтАЫт▒┐тВ▒тМзт╗ктЭлт╕ЭтплтЖЖтЩмтЩЪт▓┐т▓КтнРтУНтвУтШШтХЙтЛ╣т╜етвРтйЮтИ║тВ▒тЭАтжБтТнт╜ИтЮетЬ▒тзот│йт╛отПЦт┤Йтгптж╜тЪбтМДтЭзтватеитЯ░тКЩтСВткАтС╖тЕ╕т╜ВтГОт╖Итд│тИ╗тйТтЬет▓╣тмАтБШт▓╢т║ЖтЬбткХтг▓тдДтЗЪткЭтП╝тлМтФХтдТтХ╣тйотлмтб┤тОКтИЙтбнтС╝тЫ╛т┤┤т▒втЦ░таФт╕КтП╡тндт╗От▒ЭтдЖтЬдтнЛтиЖтФмт▓╡тб╕тБвт╖╝тОСт╣ЭтВАтАЫт▒┐тВ▒тМзт╗ктЭлт╕ЭтплтЖЖтЩмтЩЪт▓┐т▓КтнРтУНтвУтШШтХЙтЛ╣т╜етвРтйЮтИ║тВ▒тЭАтжБтТнт╜ИтЮетЬ▒тзот│йт╛отПЦт┤Йтгптж╜тЪбтМДтЭзтватеитЯ░тКЩтСВткАтС╖тЕ╕т╜ВтГОт╖Итд│тИ╗тйТтЬет▓╣тмАтБШт▓╢т║ЖтЬбткХтг▓тдДтЗЪткЭтП╝тлМтФХтдТтХ╣тйотлмтб┤тОКтИЙтбнтС╝тЫ╛т┤┤т▒втЦ░таФт╕КтП╡тндт╗От▒ЭтдЖтЬдтнЛтиЖтФмт▓╡тб╕тБвт╖╝тОСт╣ЭтВАтАЫт▒┐тВ▒тМзт╗ктЭлт╕ЭтплтЖЖтЩмтЩЪт▓┐т▓КтнРтУНтвУтШШтХЙтЛ╣т╜етвРтйЮтИ║тВ▒тЭАтжБтТнт╜ИтЮетЬ▒тзот│йт╛отПЦт┤Йтгптж╜тЪбтМДтЭзтватеитЯ░тКЩтСВткАтС╖тЕ╕т╜ВтГОт╖Итд│тИ╗тйТтЬет▓╣тмАтБШт▓╢т║ЖтЬбткХтг▓тдДтЗЪткЭтП╝тлМтФХтдТтХ╣тйотлмтб┤тОКтИЙтбнтС╝тЫ╛т┤┤т▒втЦ░таФт╕КтП╡тндт╗От▒ЭтдЖтЬдтнЛтиЖтФмт▓╡тб╕тБвт╖╝тОСт╣ЭтВАтАЫт▒┐тВ▒тМзт╗ктЭлт╕ЭтплтЖЖтЩмтЩЪт▓┐т▓КтнРтУНтвУтШШтХЙтЛ╣т╜етвРтйЮтИ║тВ▒тЭАтжБтТнт╜ИтЮетЬ▒тзот│йт╛отПЦт┤Йтгптж╜тЪбтМДтЭзтватеитЯ░тКЩтСВткАтС╖тЕ╕т╜ВтГОт╖Итд│тИ╗тйТтЬет▓╣тмАтБШт▓╢т║ЖтЬбткХтг▓тдДтЗЪткЭтП╝тлМтФХтдТтХ╣тйотлмтб┤тОКтИЙтбнтС╝тЫ╛т┤┤т▒втЦ░таФт╕КтП╡тндт╗От▒ЭтдЖтЬдтнЛтиЖтФмт▓╡тб╕тБвт╖╝тОСт╣ЭтВАтАЫт▒┐тВ▒тМзт╗ктЭлт╕ЭтплтЖЖтЩмтЩЪт▓┐т▓КтнРтУНтвУтШШтХЙтЛ╣т╜етвРтйЮтИ║тВ▒тЭАтжБтТнт╜ИтЮетЬ▒тзот│йт╛отПЦт┤Йтгптж╜тЪбтМДтЭзтватеитЯ░тКЩтСВткАтС╖тЕ╕т╜ВтГОт╖Итд│тИ╗тйТтЬет▓╣тмАтБШт▓╢т║ЖтЬбткХтг▓тдДтЗЪткЭтП╝тлМтФХтдТтХ╣тйотлмтб┤тОКтИЙтбнтС╝тЫ╛т┤┤т▒втЦ░таФт╕КтП╡тндт╗От▒ЭтдЖтЬдтнЛтиЖтФмт▓╡тб╕тБвт╖╝тОСт╣ЭтВАтАЫт▒┐тВ▒тМзт╗ктЭлт╕ЭтплтЖЖтЩмтЩЪт▓┐т▓КтнРтУНтвУтШШтХЙтЛ╣т╜етвРтйЮтИ║тВ▒тЭАтжБтТнт╜ИтЮетЬ▒тзот│йт╛отПЦт┤Йтгптж╜тЪбтМДтЭзтватеитЯ░тКЩтСВткАтС╖тЕ╕т╜ВтГОт╖Итд│тИ╗тйТтЬет▓╣тмАтБШт▓╢т║ЖтЬбткХтг▓тдДтЗЪткЭтП╝тлМтФХтдТтХ╣тйотлмтб┤тОКтИЙтбнтС╝тЫ╛т┤┤т▒втЦ░таФт╕КтП╡тндт╗От▒ЭтдЖтЬдтнЛтиЖтФмт▓╡тб╕тБвт╖╝тОСт╣ЭтВАтАЫт▒┐тВ▒тМзт╗ктЭлт╕ЭтплтЖЖтЩмтЩЪт▓┐т▓КтнРтУНтвУтШШтХЙтЛ╣т╜етвРтйЮтИ║тВ▒тЭАтжБтТнт╜ИтЮетЬ▒тзот│йт╛отПЦт┤Йтгптж╜тЪбтМДтЭзтватеитЯ░тКЩтСВткАтС╖тЕ╕т╜ВтГОт╖Итд│тИ╗тйТтЬет▓╣тмАтБШт▓╢т║ЖтЬбткХтг▓тдДтЗЪткЭтП╝тлМтФХтдТтХ╣тйотлмтб┤тОКтИЙтбнтС╝тЫ╛т┤┤т▒втЦ░таФт╕КтП╡тндт╗От▒ЭтдЖтЬдтнЛтиЖтФмт▓╡тб╕тБвт╖╝тОСт╣ЭтВАтАЫт▒┐тВ▒тМзт╗ктЭлт╕ЭтплтЖЖтЩмтЩЪт▓┐т▓КтнРтУНтвУтШШтХЙтЛ╣т╜етвРтйЮтИ║тВ▒тЭАтжБтТнт╜ИтЮетЬ▒тзот│йт╛отПЦт┤Йтгптж╜тЪбтМДтЭзтватеитЯ░тКЩтСВткАтС╖тЕ╕т╜ВтГОт╖Итд│тИ╗тйТтЬет▓╣тмАтБШт▓╢т║ЖтЬбткХтг▓тдДтЗЪткЭтП╝тлМтФХтдТтХ╣тйотлмтб┤тОКтИЙтбнтС╝тЫ╛т┤┤т▒втЦ░таФт╕КтП╡тндт╗От▒ЭтдЖтЬдтнЛтиЖтФмт▓╡тб╕тБвт╖╝тОСт╣ЭтВАтАЫт▒┐тВ▒тМзт╗ктЭлт╕ЭтплтЖЖтЩмтЩЪт▓┐т▓КтнРтУНтвУтШШтХЙтЛ╣т╜етвРтйЮтИ║тВ▒тЭАтжБтТнт╜ИтЮетЬ▒тзот│йт╛отПЦт┤Йтгптж╜тЪбтМДтЭзтватеитЯ░тКЩтСВткАтС╖тЕ╕т╜ВтГОт╖Итд│тИ╗тйТтЬет▓╣тмАтБШт▓╢т║ЖтЬбткХтг▓тдДтЗЪткЭтП╝тлМтФХтдТтХ╣тйотлмтб┤тОКтИЙтбнтС╝тЫ╛т┤┤т▒втЦ░таФт╕КтП╡тндт╗От▒ЭтдЖтЬдтнЛтиЖтФмт▓╡тб╕тБвт╖╝тОСт╣ЭтВАтАЫт▒┐тВ▒тМзт╗ктЭлт╕ЭтплтЖЖтЩмтЩЪт▓┐т▓КтнРтУНтвУтШШтХЙтЛ╣т╜етвРтйЮтИ║тВ▒тЭАтжБтТнт╜ИтЮетЬ▒тзот│йт╛отПЦт┤Йтгптж╜тЪбтМДтЭзтватеитЯ░тКЩтСВткАтС╖тЕ╕т╜ВтГОт╖Итд│тИ╗тйТтЬет▓╣тмАтБШт▓╢т║ЖтЬбткХтг▓тдДтЗЪткЭтП╝тлМтФХтдТтХ╣тйотлмтб┤тОКтИЙтбнтС╝тЫ╛т┤┤т▒втЦ░таФт╕КтП╡тндт╗От▒ЭтдЖтЬдтнЛтиЖтФмт▓╡тб╕тБвт╖╝тОСт╣ЭтВАтАЫт▒┐тВ▒тМзт╗ктЭлт╕ЭтплтЖЖтЩмтЩЪт▓┐т▓КтнРтУНтвУтШШтХЙтЛ╣т╜етвРтйЮтИ║тВ▒тЭАтжБтТнт╜ИтЮетЬ▒тзот│йт╛отПЦт┤Йтгптж╜тЪбтМДтЭзтватеитЯ░тКЩтСВткАтС╖тЕ╕т╜ВтГОт╖Итд│тИ╗тйТтЬет▓╣тмАтБШт▓╢т║ЖтЬбткХтг▓тдДтЗЪткЭтП╝тлМтФХтдТтХ╣тйотлмтб┤тОКтИЙтбнтС╝тЫ╛т┤┤т▒втЦ░таФт╕КтП╡тндт╗От▒ЭтдЖтЬдтнЛтиЖтФмт▓╡тб╕тБвт╖╝тОСт╣ЭтВАтАЫт▒┐тВ▒тМзт╗ктЭлт╕ЭтплтЖЖтЩмтЩЪт▓┐т▓КтнРтУНтвУтШШтХЙтЛ╣т╜етвРтйЮтИ║тВ▒тЭАтжБтТнт╜ИтЮетЬ▒тзот│йт╛отПЦт┤Йтгптж╜тЪбтМДтЭзтватеитЯ░тКЩтСВткАтС╖тЕ╕т╜ВтГОт╖Итд│тИ╗тйТтЬет▓╣тмАтБШт▓╢т║ЖтЬбткХтг▓тдДтЗЪткЭтП╝тлМтФХтдТтХ╣тйотлмтб┤тОКтИЙтбнтС╝тЫ╛т┤┤т▒втЦ░таФт╕КтП╡тндт╗От▒ЭтдЖтЬдтнЛтиЖтФмт▓╡тб╕тБвт╖╝тОСт╣ЭтВАтАЫт▒┐тВ▒тМзт╗ктЭлт╕ЭтплтЖЖтЩмтЩЪт▓┐т▓КтнРтУНтвУтШШтХЙтЛ╣т╜етвРтйЮтИ║тВ▒тЭАтжБтТнт╜ИтЮетЬ▒тзот│йт╛отПЦт┤Йтгптж╜тЪбтМДтЭзтватеитЯ░тКЩтСВткАтС╖тЕ╕т╜ВтГОт╖Итд│тИ╗тйТтЬет▓╣тмАтБШт▓╢т║ЖтЬбткХтг▓тдДтЗЪткЭтП╝тлМтФХтдТтХ╣тйотлмтб┤тОКтИЙтбнтС╝тЫ╛т┤┤т▒втЦ░таФт╕КтП╡тндт╗От▒ЭтдЖтЬдтнЛтиЖтФмт▓╡тб╕тБвт╖╝тОСт╣ЭтВАтАЫт▒┐тВ▒тМзт╗ктЭлт╕ЭтплтЖЖтЩмтЩЪт▓┐т▓КтнРтУНтвУтШШтХЙтЛ╣т╜етвРтйЮтИ║тВ▒тЭАтжБтТнт╜ИтЮетЬ▒тзот│йт╛отПЦт┤Йтгптж╜тЪбтМДтЭзтватеитЯ░тКЩтСВткАтС╖тЕ╕т╜ВтГОт╖Итд│тИ╗тйТтЬет▓╣тмАтБШт▓╢т║ЖтЬбткХтг▓тдДтЗЪткЭтП╝тлМтФХтдТтХ╣тйотлмтб┤тОКтИЙтбнтС╝тЫ╛т┤┤т▒втЦ░таФт╕КтП╡тндт╗От▒ЭтдЖтЬдтнЛтиЖтФмт▓╡тб╕тБвт╖╝тОСт╣ЭтВАтАЫт▒┐тВ▒тМзт╗ктЭлт╕ЭтплтЖЖтЩмтЩЪт▓┐т▓КтнРтУНтвУтШШтХЙтЛ╣т╜етвРтйЮтИ║тВ▒тЭАтжБтТнт╜ИтЮетЬ▒тзот│йт╛отПЦт┤Йтгптж╜тЪбтМДтЭзтватеитЯ░тКЩтСВткАтС╖тЕ╕т╜ВтГОт╖Итд│тИ╗тйТтЬет▓╣тмАтБШт▓╢т║ЖтЬбткХтг▓тдДтЗЪткЭтП╝тлМтФХтдТтХ╣тйотлмтб┤тОКтИЙтбнтС╝тЫ╛т┤┤т▒втЦ░таФт╕КтП╡тндт╗От▒ЭтдЖтЬдтнЛтиЖтФмт▓╡тб╕тБвт╖╝тОСт╣ЭтВАтАЫт▒┐тВ▒тМзт╗ктЭлт╕ЭтплтЖЖтЩмтЩЪт▓┐т▓КтнРтУНтвУтШШтХЙтЛ╣т╜етвРтйЮтИ║тВ▒тЭАтжБтТнт╜ИтЮетЬ▒тзот│йт╛отПЦт┤Йтгптж╜тЪбтМДтЭзтватеитЯ░тКЩтСВткАтС╖тЕ╕т╜ВтГОт╖Итд│тИ╗тйТтЬет▓╣тмАтБШт▓╢т║ЖтЬбткХтг▓тдДтЗЪткЭтП╝тлМтФХтдТтХ╣тйотлмтб┤тОКтИЙтбнтС╝тЫ╛т┤┤т▒втЦ░таФт╕КтП╡тндт╗От▒ЭтдЖтЬдтнЛтиЖтФмт▓╡тб╕тБвт╖╝тОСт╣ЭтВАтАЫт▒┐тВ▒тМзт╗ктЭлт╕ЭтплтЖЖтЩмтЩЪт▓┐т▓КтнРтУНтвУтШШтХЙтЛ╣т╜етвРтйЮтИ║тВ▒тЭАтжБтТнт╜ИтЮетЬ▒тзот│йт╛отПЦт┤Йтгптж╜тЪбтМДтЭзтватеитЯ░тКЩтСВткАтС╖тЕ╕т╜ВтГОт╖Итд│тИ╗тйТтЬет▓╣тмАтБШт▓╢т║ЖтЬбткХтг▓тдДтЗЪткЭтП╝тлМтФХтдТтХ╣тйотлмтб┤тОКтИЙтбнтС╝тЫ╛т┤┤т▒втЦ░таФт╕КтП╡тндт╗От▒ЭтдЖтЬдтнЛтиЖтФмт▓╡тб╕тБвт╖╝тОСт╣ЭтВАтАЫт▒┐тВ▒тМзт╗ктЭлт╕ЭтплтЖЖтЩмтЩЪт▓┐т▓КтнРтУНтвУтШШтХЙтЛ╣т╜етвРтйЮтИ║тВ▒тЭАтжБтТнт╜ИтЮетЬ▒тзот│йт╛отПЦт┤Йтгптж╜тЪбтМДтЭзтватеитЯ░тКЩтСВткАтС╖тЕ╕т╜ВтГОт╖Итд│тИ╗тйТтЬет▓╣тмАтБШт▓╢т║ЖтЬбткХтг▓тдДтЗЪткЭтП╝тлМтФХтдТтХ╣тйотлмтб┤тОКтИЙтбнтС╝тЫ╛т┤┤т▒втЦ░таФт╕КтП╡тндт╗От▒ЭтдЖтЬдтнЛтиЖтФмт▓╡тб╕тБвт╖╝тОСт╣ЭтВАтАЫт▒┐тВ▒тМзт╗ктЭлт╕ЭтплтЖЖтЩмтЩЪт▓┐т▓КтнРтУНтвУтШШтХЙтЛ╣т╜етвРтйЮтИ║тВ▒тЭАтжБтТнт╜ИтЮетЬ▒тзот│йт╛отПЦт┤Йтгптж╜тЪбтМДтЭзтватеитЯ░тКЩтСВткАтС╖тЕ╕т╜ВтГОт╖Итд│тИ╗тйТтЬет▓╣тмАтБШт▓╢т║ЖтЬбткХтг▓тдДтЗЪткЭтП╝тлМтФХтдТтХ╣тйотлмтб┤тОКтИЙтбнтС╝тЫ╛т┤┤т▒втЦ░таФт╕КтП╡тндт╗От▒ЭтдЖтЬдтнЛтиЖтФмт▓╡тб╕тБвт╖╝тОСт╣ЭтВАтАЫт▒┐тВ▒тМзт╗ктЭлт╕ЭтплтЖЖтЩмтЩЪт▓┐т▓КтнРтУНтвУтШШтХЙтЛ╣т╜етвРтйЮтИ║тВ▒тЭАтжБтТнт╜ИтЮетЬ▒тзот│йт╛отПЦт┤Йтгптж╜тЪбтМДтЭзтватеитЯ░тКЩтСВткАтС╖тЕ╕т╜ВтГОт╖Итд│тИ╗тйТтЬет▓╣тмАтБШт▓╢т║ЖтЬбткХтг▓тдДтЗЪткЭтП╝тлМтФХтдТтХ╣тйотлмтб┤тОКтИЙтбнтС╝тЫ╛т┤┤т▒втЦ░таФт╕КтП╡тндт╗От▒ЭтдЖтЬдтнЛтиЖтФмт▓╡тб╕тБвт╖╝тОСт╣ЭтВАтАЫт▒┐тВ▒тМзт╗ктЭлт╕ЭтплтЖЖтЩмтЩЪт▓┐т▓КтнРтУНтвУтШШтХЙтЛ╣т╜етвРтйЮтИ║тВ▒тЭАтжБтТнт╜ИтЮетЬ▒тзот│йт╛отПЦт┤Йтгптж╜тЪбтМДтЭзтватеитЯ░тКЩтСВткАтС╖тЕ╕т╜ВтГОт╖Итд│тИ╗тйТтЬет▓╣тмАтБШт▓╢т║ЖтЬбткХтг▓тдДтЗЪткЭтП╝тлМтФХтдТтХ╣тйотлмтб┤тОКтИЙтбнтС╝тЫ╛т┤┤т▒втЦ░таФт╕КтП╡тндт╗От▒ЭтдЖтЬдтнЛтиЖтФмт▓╡тб╕тБвт╖╝тОСт╣ЭтВАтАЫт▒┐тВ▒тМзт╗ктЭлт╕ЭтплтЖЖтЩмтЩЪт▓┐т▓КтнРтУНтвУтШШтХЙтЛ╣т╜етвРтйЮтИ║тВ▒тЭАтжБтТнт╜ИтЮетЬ▒тзот│йт╛отПЦт┤Йтгптж╜тЪбтМДтЭзтватеитЯ░тКЩтСВткАтС╖тЕ╕т╜ВтГОт╖Итд│тИ╗тйТтЬет▓╣тмАтБШт▓╢т║ЖтЬбткХтг▓тдДтЗЪткЭтП╝тлМтФХтдТтХ╣тйотлмтб┤тОКтИЙтбнтС╝тЫ╛т┤┤т▒втЦ░таФт╕КтП╡тндт╗От▒ЭтдЖтЬдтнЛтиЖтФмт▓╡тб╕тБвт╖╝тОСт╣ЭтВАтАЫт▒┐тВ▒тМзт╗ктЭлт╕ЭтплтЖЖтЩмтЩЪт▓┐т▓КтнРтУНтвУтШШтХЙтЛ╣т╜етвРтйЮтИ║тВ▒тЭАтжБтТнт╜ИтЮетЬ▒тзот│йт╛отПЦт┤Йтгптж╜тЪбтМДтЭзтватеитЯ░тКЩтСВткАтС╖тЕ╕т╜ВтГОт╖Итд│тИ╗тйТтЬет▓╣тмАтБШт▓╢т║ЖтЬбткХтг▓тдДтЗЪткЭтП╝тлМтФХтдТтХ╣тйотлмтб┤тОКтИЙтбнтС╝тЫ╛т┤┤т▒втЦ░таФт╕КтП╡тндт╗От▒ЭтдЖтЬдтнЛтиЖтФмт▓╡тб╕тБвт╖╝тОСт╣ЭтВАтАЫт▒┐тВ▒тМзт╗ктЭлт╕ЭтплтЖЖтЩмтЩЪт▓┐т▓КтнРтУНтвУтШШтХЙтЛ╣т╜етвРтйЮтИ║тВ▒тЭАтжБтТнт╜ИтЮетЬ▒тзот│йт╛отПЦт┤Йтгптж╜тЪбтМДтЭзтватеитЯ░тКЩтСВткАтС╖тЕ╕т╜ВтГОт╖Итд│тИ╗тйТтЬет▓╣тмАтБШт▓╢т║ЖтЬбткХтг▓тдДтЗЪткЭтП╝тлМтФХтдТтХ╣тйотлмтб┤тОКтИЙтбнтС╝тЫ╛т┤┤т▒втЦ░таФт╕КтП╡тндт╗От▒ЭтдЖтЬдтнЛтиЖтФмт▓╡тб╕тБвт╖╝тОСт╣ЭтВАтАЫт▒┐тВ▒тМзт╗ктЭлт╕ЭтплтЖЖтЩмтЩЪт▓┐т▓КтнРтУНтвУтШШтХЙтЛ╣т╜етвРтйЮтИ║тВ▒тЭАтжБтТнт╜ИтЮетЬ▒тзот│йт╛отПЦт┤Йтгптж╜тЪбтМДтЭзтватеитЯ░тКЩтСВткАтС╖тЕ╕т╜ВтГОт╖Итд│тИ╗тйТтЬет▓╣тмАтБШт▓╢т║ЖтЬбткХтг▓тдДтЗЪткЭтП╝тлМтФХтдТтХ╣тйотлмтб┤тОКтИЙтбнтС╝тЫ╛т┤┤т▒втЦ░таФт╕КтП╡тндт╗От▒ЭтдЖтЬдтнЛтиЖтФмт▓╡тб╕тБвт╖╝тОСт╣ЭтВАтАЫт▒┐тВ▒тМзт╗ктЭлт╕ЭтплтЖЖтЩмтЩЪт▓┐т▓КтнРтУНтвУтШШтХЙтЛ╣т╜етвРтйЮтИ║тВ▒тЭАтжБтТнт╜ИтЮетЬ▒тзот│йт╛отПЦт┤Йтгптж╜тЪбтМДтЭзтватеитЯ░тКЩтСВткАтС╖тЕ╕т╜ВтГОт╖Итд│тИ╗тйТтЬет▓╣тмАтБШт▓╢т║ЖтЬбткХтг▓тдДтЗЪткЭтП╝тлМтФХтдТтХ╣тйотлмтб┤тОКтИЙтбнтС╝тЫ╛т┤┤т▒втЦ░таФт╕КтП╡тндт╗От▒ЭтдЖтЬдтнЛтиЖтФмт▓╡тб╕тБвт╖╝тОСт╣ЭтВАтАЫт▒┐тВ▒тМзт╗ктЭлт╕ЭтплтЖЖтЩмтЩЪт▓┐т▓КтнРтУНтвУтШШтХЙтЛ╣т╜етвРтйЮтИ║тВ▒тЭАтжБтТнт╜ИтЮетЬ▒тзот│йт╛отПЦт┤Йтгптж╜тЪбтМДтЭзтватеитЯ░тКЩтСВткАтС╖тЕ╕т╜ВтГОт╖Итд│тИ╗тйТтЬет▓╣тмАтБШт▓╢т║ЖтЬбткХтг▓тдДтЗЪткЭтП╝тлМтФХтдТтХ╣тйотлмтб┤тОКтИЙтбнтС╝тЫ╛т┤┤т▒втЦ░таФт╕КтП╡тндт╗От▒ЭтдЖтЬдтнЛтиЖтФмт▓╡тб╕тБвт╖╝тОСт╣ЭтВАтАЫт▒┐тВ▒тМзт╗ктЭлт╕ЭтплтЖЖтЩмтЩЪт▓┐т▓КтнРтУНтвУтШШтХЙтЛ╣т╜етвРтйЮтИ║тВ▒тЭАтжБтТнт╜ИтЮетЬ▒тзот│йт╛отПЦт┤Йтгптж╜тЪбтМДтЭзтватеитЯ░тКЩтСВткАтС╖тЕ╕т╜ВтГОт╖Итд│тИ╗тйТтЬет▓╣тмАтБШт▓╢т║ЖтЬбткХтг▓тдДтЗЪткЭтП╝тлМтФХтдТтХ╣тйотлмтб┤тОКтИЙтбнтС╝тЫ╛т┤┤т▒втЦ░таФт╕КтП╡тндт╗От▒ЭтдЖтЬдтнЛтиЖтФмт▓╡тб╕тБвт╖╝тОСт╣ЭтВАтАЫт▒┐тВ▒тМзт╗ктЭлт╕ЭтплтЖЖтЩмтЩЪт▓┐т▓КтнРтУНтвУтШШтХЙтЛ╣т╜етвРтйЮтИ║тВ▒тЭАтжБтТнт╜ИтЮетЬ▒тзот│йт╛отПЦт┤Йтгптж╜тЪбтМДтЭзтватеитЯ░тКЩтСВткАтС╖тЕ╕т╜ВтГОт╖Итд│тИ╗тйТтЬет▓╣тмАтБШт▓╢т║ЖтЬбткХтг▓тдДтЗЪткЭтП╝тлМтФХтдТтХ╣тйотлмтб┤тОКтИЙтбнтС╝тЫ╛т┤┤т▒втЦ░таФт╕КтП╡тндт╗От▒ЭтдЖтЬдтнЛтиЖтФмт▓╡тб╕тБвт╖╝тОСт╣ЭтВАтАЫт▒┐тВ▒тМзт╗ктЭлт╕ЭтплтЖЖтЩмтЩЪт▓┐т▓КтнРтУНтвУтШШтХЙтЛ╣т╜етвРтйЮтИ║тВ▒тЭАтжБтТнт╜ИтЮетЬ▒тзот│йт╛отПЦт┤Йтгптж╜тЪбтМДтЭзтватеитЯ░тКЩтСВткАтС╖тЕ╕т╜ВтГОт╖Итд│тИ╗тйТтЬет▓╣тмАтБШт▓╢т║ЖтЬбткХтг▓тдДтЗЪткЭтП╝тлМтФХтдТтХ╣тйотлмтб┤тОКтИЙтбнтС╝тЫ╛т┤┤т▒втЦ░таФт╕КтП╡тндт╗От▒ЭтдЖтЬдтнЛтиЖтФмт▓╡тб╕тБвт╖╝тОСт╣ЭтВАтАЫт▒┐тВ▒тМзт╗ктЭлт╕ЭтплтЖЖтЩмтЩЪт▓┐т▓КтнРтУНтвУтШШтХЙтЛ╣т╜етвРтйЮтИ║тВ▒тЭАтжБтТнт╜ИтЮетЬ▒тзот│йт╛отПЦт┤Йтгптж╜тЪбтМДтЭзтватеитЯ░тКЩтСВткАтС╖тЕ╕т╜ВтГОт╖Итд│тИ╗тйТтЬет▓╣тмАтБШт▓╢т║ЖтЬбткХтг▓тдДтЗЪткЭтП╝тлМтФХтдТтХ╣тйотлмтб┤тОКтИЙтбнтС╝тЫ╛т┤┤т▒втЦ░таФт╕КтП╡тндт╗От▒ЭтдЖтЬдтнЛтиЖтФмт▓╡тб╕тБвт╖╝тОСт╣ЭтВАтАЫт▒┐тВ▒тМзт╗ктЭлт╕ЭтплтЖЖтЩмтЩЪт▓┐т▓КтнРтУНтвУтШШтХЙтЛ╣т╜етвРтйЮтИ║тВ▒тЭАтжБтТнт╜ИтЮетЬ▒тзот│йт╛отПЦт┤Йтгптж╜тЪбтМДтЭзтватеитЯ░тКЩтСВткАтС╖тЕ╕т╜ВтГОт╖Итд│тИ╗тйТтЬет▓╣тмАтБШт▓╢т║ЖтЬбткХтг▓тдДтЗЪткЭтП╝тлМтФХтдТтХ╣тйотлмтб┤тОКтИЙтбнтС╝тЫ╛т┤┤т▒втЦ░таФт╕КтП╡тндт╗От▒ЭтдЖтЬдтнЛтиЖтФмт▓╡тб╕тБвт╖╝тОСт╣ЭтВАтАЫт▒┐тВ▒тМзт╗ктЭлт╕ЭтплтЖЖтЩмтЩЪт▓┐т▓КтнРтУНтвУтШШтХЙтЛ╣т╜етвРтйЮтИ║тВ▒тЭАтжБтТнт╜ИтЮетЬ▒тзот│йт╛отПЦт┤Йтгптж╜тЪбтМДтЭзтватеитЯ░тКЩтСВткАтС╖тЕ╕т╜ВтГОт╖Итд│тИ╗тйТтЬет▓╣тмАтБШт▓╢т║ЖтЬбткХтг▓тдДтЗЪткЭтП╝тлМтФХтдТтХ╣тйотлмтб┤тОКтИЙтбнтС╝тЫ╛т┤┤т▒втЦ░таФт╕КтП╡тндт╗От▒ЭтдЖтЬдтнЛтиЖтФмт▓╡тб╕тБвт╖╝тОСт╣ЭтВАтАЫт▒┐тВ▒тМзт╗ктЭлт╕ЭтплтЖЖтЩмтЩЪт▓┐т▓КтнРтУНтвУтШШтХЙтЛ╣т╜етвРтйЮтИ║тВ▒тЭАтжБтТнт╜ИтЮетЬ▒тзот│йт╛отПЦт┤Йтгптж╜тЪбтМДтЭзтватеитЯ░тКЩтСВткАтС╖тЕ╕т╜ВтГОт╖Итд│тИ╗тйТтЬет▓╣тмАтБШт▓╢т║ЖтЬбткХтг▓тдДтЗЪткЭтП╝тлМтФХтдТтХ╣тйотлмтб┤тОКтИЙтбнтС╝тЫ╛т┤┤т▒втЦ░таФт╕КтП╡тндт╗От▒ЭтдЖтЬдтнЛтиЖтФмт▓╡тб╕тБвт╖╝тОСт╣ЭтВАтАЫт▒┐тВ▒тМзт╗ктЭлт╕ЭтплтЖЖтЩмтЩЪт▓┐т▓КтнРтУНтвУтШШтХЙтЛ╣т╜етвРтйЮтИ║тВ▒тЭАтжБтТнт╜ИтЮетЬ▒тзот│йт╛отПЦт┤Йтгптж╜тЪбтМДтЭзтватеитЯ░тКЩтСВткАтС╖тЕ╕т╜ВтГОт╖Итд│тИ╗тйТтЬет▓╣тмАтБШт▓╢т║ЖтЬбткХтг▓тдДтЗЪткЭтП╝тлМтФХтдТтХ╣тйотлмтб┤тОКтИЙтбнтС╝тЫ╛т┤┤т▒втЦ░таФт╕КтП╡тндт╗От▒ЭтдЖтЬдтнЛтиЖтФмт▓╡тб╕тБвт╖╝тОСт╣ЭтВАтАЫт▒┐тВ▒тМзт╗ктЭлт╕ЭтплтЖЖтЩмтЩЪт▓┐т▓КтнРтУНтвУтШШтХЙтЛ╣т╜етвРтйЮтИ║тВ▒тЭАтжБтТнт╜ИтЮетЬ▒тзот│йт╛отПЦт┤Йтгптж╜тЪбтМДтЭзтватеитЯ░тКЩтСВткАтС╖тЕ╕т╜ВтГОт╖Итд│тИ╗тйТтЬет▓╣тмАтБШт▓╢т║ЖтЬбткХтг▓тдДтЗЪткЭтП╝тлМтФХтдТтХ╣тйотлмтб┤тОКтИЙтбнтС╝тЫ╛т┤┤т▒втЦ░таФт╕КтП╡тндт╗От▒ЭтдЖтЬдтнЛтиЖтФмт▓╡тб╕тБвт╖╝тОСт╣ЭтВАтАЫт▒┐тВ▒тМзт╗ктЭлт╕ЭтплтЖЖтЩмтЩЪт▓┐т▓КтнРтУНтвУтШШтХЙтЛ╣т╜етвРтйЮтИ║тВ▒тЭАтжБтТнт╜ИтЮетЬ▒тзот│йт╛отПЦт┤Йтгптж╜тЪбтМДтЭзтватеитЯ░тКЩтСВткАтС╖тЕ╕т╜ВтГОт╖Итд│тИ╗тйТтЬет▓╣тмАтБШт▓╢т║ЖтЬбткХтг▓тдДтЗЪткЭтП╝тлМтФХтдТтХ╣тйотлмтб┤тОКтИЙтбнтС╝тЫ╛т┤┤т▒втЦ░таФт╕КтП╡тндт╗От▒ЭтдЖтЬдтнЛтиЖтФмт▓╡тб╕тБвт╖╝тОСт╣ЭтВАтАЫт▒┐тВ▒тМзт╗ктЭлт╕ЭтплтЖЖтЩмтЩЪт▓┐т▓КтнРтУНтвУтШШтХЙтЛ╣т╜етвРтйЮтИ║тВ▒тЭАтжБтТнт╜ИтЮетЬ▒тзот│йт╛отПЦт┤Йтгптж╜тЪбтМДтЭзтватеитЯ░тКЩтСВткАтС╖тЕ╕т╜ВтГОт╖Итд│тИ╗тйТтЬет▓╣тмАтБШт▓╢т║ЖтЬбткХтг▓тдДтЗЪткЭтП╝тлМтФХтдТтХ╣тйотлмтб┤тОКтИЙтбнтС╝тЫ╛т┤┤т▒втЦ░таФт╕КтП╡тндт╗От▒ЭтдЖтЬдтнЛтиЖтФмт▓╡тб╕тБвт╖╝тОСт╣ЭтВАтАЫт▒┐тВ▒тМзт╗ктЭлт╕ЭтплтЖЖтЩмтЩЪт▓┐т▓КтнРтУНтвУтШШтХЙтЛ╣т╜етвРтйЮтИ║тВ▒тЭАтжБтТнт╜ИтЮетЬ▒тзот│йт╛отПЦт┤Йтгптж╜тЪбтМДтЭзтватеитЯ░тКЩтСВткАтС╖тЕ╕т╜ВтГОт╖Итд│тИ╗тйТтЬет▓╣тмАтБШт▓╢т║ЖтЬбткХтг▓тдДтЗЪткЭтП╝тлМтФХтдТтХ╣тйотлмтб┤тОКтИЙтбнтС╝тЫ╛т┤┤т▒втЦ░таФт╕КтП╡тндт╗От▒ЭтдЖтЬдтнЛтиЖтФмт▓╡тб╕тБвт╖╝тОСт╣ЭтВАтАЫт▒┐тВ▒тМзт╗ктЭлт╕ЭтплтЖЖтЩмтЩЪт▓┐т▓КтнРтУНтвУтШШтХЙтЛ╣т╜етвРтйЮтИ║тВ▒тЭАтжБтТнт╜ИтЮетЬ▒тзот│йт╛отПЦт┤Йтгптж╜тЪбтМДтЭзтватеитЯ░тКЩтСВткАтС╖тЕ╕т╜ВтГОт╖Итд│тИ╗тйТтЬет▓╣тмАтБШт▓╢т║ЖтЬбткХтг▓тдДтЗЪткЭтП╝тлМтФХтдТтХ╣тйотлмтб┤тОКтИЙтбнтС╝тЫ╛т┤┤т▒втЦ░таФт╕КтП╡тндт╗От▒ЭтдЖтЬдтнЛтиЖтФмт▓╡тб╕тБвт╖╝тОСт╣ЭтВАтАЫт▒┐тВ▒тМзт╗ктЭлт╕ЭтплтЖЖтЩмтЩЪт▓┐т▓КтнРтУНтвУтШШтХЙтЛ╣т╜етвРтйЮтИ║тВ▒тЭАтжБтТнт╜ИтЮетЬ▒тзот│йт╛отПЦт┤Йтгптж╜тЪбтМДтЭзтватеитЯ░тКЩтСВткАтС╖тЕ╕т╜ВтГОт╖Итд│тИ╗тйТтЬет▓╣тмАтБШт▓╢т║ЖтЬбткХтг▓тдДтЗЪткЭтП╝тлМтФХтдТтХ╣тйотлмтб┤тОКтИЙтбнтС╝тЫ╛т┤┤т▒втЦ░таФт╕КтП╡тндт╗От▒ЭтдЖтЬдтнЛтиЖтФмт▓╡тб╕тБвт╖╝тОСт╣ЭтВАтАЫт▒┐тВ▒тМзт╗ктЭлт╕ЭтплтЖЖтЩмтЩЪт▓┐т▓КтнРтУНтвУтШШтХЙтЛ╣т╜етвРтйЮтИ║тВ▒тЭАтжБтТнт╜ИтЮетЬ▒тзот│йт╛отПЦт┤Йтгптж╜тЪбтМДтЭзтватеитЯ░тКЩтСВткАтС╖тЕ╕т╜ВтГОт╖Итд│тИ╗тйТтЬет▓╣тмАтБШт▓╢т║ЖтЬбткХтг▓тдДтЗЪткЭтП╝тлМтФХтдТтХ╣тйотлмтб┤тОКтИЙтбнтС╝тЫ╛т┤┤т▒втЦ░таФт╕КтП╡тндт╗От▒ЭтдЖтЬдтнЛтиЖтФмт▓╡тб╕тБвт╖╝тОСт╣ЭтВАтАЫт▒┐тВ▒тМзт╗ктЭлт╕ЭтплтЖЖтЩмтЩЪт▓┐т▓КтнРтУНтвУтШШтХЙтЛ╣т╜етвРтйЮтИ║тВ▒тЭАтжБтТнт╜ИтЮетЬ▒тзот│йт╛отПЦт┤Йтгптж╜тЪбтМДтЭзтватеитЯ░тКЩтСВткАтС╖тЕ╕т╜ВтГОт╖Итд│тИ╗тйТтЬет▓╣тмАтБШт▓╢т║ЖтЬбткХтг▓тдДтЗЪткЭтП╝тлМтФХтдТтХ╣тйотлмтб┤тОКтИЙтбнтС╝тЫ╛т┤┤т▒втЦ░таФт╕КтП╡тндт╗От▒ЭтдЖтЬдтнЛтиЖтФмт▓╡тб╕тБвт╖╝тОСт╣ЭтВАтАЫт▒┐тВ▒тМзт╗ктЭлт╕ЭтплтЖЖтЩмтЩЪт▓┐т▓КтнРтУНтвУтШШтХЙтЛ╣т╜етвРтйЮтИ║тВ▒тЭАтжБтТнт╜ИтЮетЬ▒тзот│йт╛отПЦт┤Йтгптж╜тЪбтМДтЭзтватеитЯ░тКЩтСВткАтС╖тЕ╕т╜ВтГОт╖Итд│тИ╗тйТтЬет▓╣тмАтБШт▓╢т║ЖтЬбткХтг▓тдДтЗЪткЭтП╝тлМтФХтдТтХ╣тйотлмтб┤тОКтИЙтбнтС╝тЫ╛т┤┤т▒втЦ░таФт╕КтП╡тндт╗От▒ЭтдЖтЬдтнЛтиЖ', 1, 'user', '2025-04-22 20:10:13', '2025-04-22 20:37:14', '2551'),
(5437, '3322', '3322', '$2y$10$YNxXx3pDe2crcQ.504jGiOKQAfBQ6GEu4J4iEQJKLRIGWHpKoPwAu', 'avatar_5437_680807a7d8f48.png', '', 1, 'user', '2025-04-22 20:33:28', '2025-04-22 20:33:29', '69.69.42.0'),
(5438, 'breezus', 'breezus', '$2y$10$BeHmZduvlDa3DYN7nBN4K.Ar.wTBtooEPLFOgw9WXiHxaGruRq/Fe', '333.png', NULL, 1, 'user', '2025-04-22 20:41:38', '2025-04-22 20:41:39', '27'),
(5439, 'sweetcvnt', '', '$2y$10$jNDr4RFxytifgNkEZs1lPOOEPQXD4GjEBV.IGCOmT/XkC9WNDkxcW', 'avatar_5439_680917d1df801.gif', '', 1, 'user', '2025-04-22 20:44:30', '2025-04-23 18:46:39', '103.115.194.112'),
(5440, '5554', '5554', '$2y$10$PbWBmZLo/rRczCYhqXCWE.RUwO15//nRAwGn5KDjHGZ066kRu/lne', '333.png', NULL, 1, 'user', '2025-04-23 17:17:23', '2025-04-23 17:17:23', '2a02:6ea0:c041:2339::11'),
(5441, 'yeezy', 'yeezy', '$2y$10$j4/lJAcwgKmUcjIsIcPEjuW9jBKP9qGH1JVhhg5TNmCA.GLnsa2me', '333.png', NULL, 1, 'user', '2025-04-23 17:52:31', '2025-04-23 18:44:50', '95.220.227.86'),
(5442, 'KOT', 'KOT', '$2y$10$N2CqGRqxlGx0zkQ0IRzGCuc/6QRRm3UUYVTuD.KEI/aZwfrz6WB02', '333.png', NULL, 1, 'user', '2025-04-23 18:36:22', '2025-04-23 18:36:39', '95.24.237.75'),
(5443, 'picun_f6ttt', 'Pisyaaaa', '$2y$10$2rdJ1waY06NsEqbqRo13JeTkumVMUHjmJtUTwD4yqnoY0YmdCM1rK', '333.png', NULL, 1, 'user', '2025-04-23 19:26:32', '2025-04-23 19:27:28', '2a03:32c0:31:f560:5009:b2ff:feff:bd08'),
(5444, 'T2x2', 'xduehdbdjs', '$2y$10$5vDWO9ss2/fCFZocFtyKfuz3ksHkL5Z3fsVgeb0jX7Ba/stel9vHy', '333.png', NULL, 1, 'user', '2025-04-24 05:29:06', '2025-04-24 05:29:26', '176.59.108.16'),
(5445, 'disinterested', 'zalupa', '$2y$10$twDUWc6sWdB.xDDssbpbV.35UcUfquNYCOJEKjEdqzg32C7RkTW9a', '333.png', NULL, 1, 'user', '2025-04-24 09:04:40', '2025-04-24 09:06:19', '89.113.127.116'),
(5446, 'Lll', 'Ll', '$2y$10$qSJdLEJgjzqZNbFzSj0nZOM1dcbLpFtNEw7V2ALcjQ22NJBg9T4aK', '333.png', NULL, 1, 'user', '2025-04-24 11:15:13', '2025-04-24 11:15:58', '176.15.167.128'),
(5447, 'MRX35823194', 'MRX', '$2y$10$CWANZcYOilqqebnMuckmA.3uQf4vNtF1UL/3b1fJitswjBw6et0Qe', '333.png', NULL, 1, 'user', '2025-04-24 19:25:27', '2025-04-28 09:35:21', '178.66.131.213'),
(5449, 'v4rmut pidor xD', 'delff pidor xD', '$2y$10$HbOrCYZfrBz2MkCjvgKCyexFwMXJeGfrqKqAnhRD3c10gefyZu7lS', 'aaaf.png', '', 1, 'admin', '2025-04-28 08:08:09', '2025-04-28 08:23:38', '94.181.191.40'),
(5451, 'ad', 'd', '$2y$10$sURAB.t.CBCGdfv9bOlDQeC4oSAxOAcGFagdmflU/WECY4tbWPkN.', '333.png', NULL, 1, 'admin', '2025-04-28 08:14:00', '2025-04-28 08:56:00', '87.248.230.238'),
(5452, 'yeez', 'yeez', '$2y$10$.6VJKILch890QQe/aQ0YdOuwWppXCo1dl7fZ1Mb.Xwg1fbMdmF0Pa', '333.png', NULL, 1, 'user', '2025-04-28 10:44:21', '2025-04-28 10:44:27', '94.131.127.50'),
(5453, '7878', '7878', '$2y$10$.sfk5WH9yRnJZ0bmicF2M.WQAtdgdQ/QKRsdRVGT4Bi5.3ziWuDJe', '333.png', NULL, 1, 'user', '2025-04-28 15:14:00', '2025-04-28 15:30:20', '185.107.56.48'),
(5454, '123', '123', '$2y$10$9T5CNuakwPmR5Q2byrLg1uUNmQ/XZttZDnh5oc3Ds/Xt2k1b5m.LS', '333.png', NULL, 1, 'user', '2025-05-02 10:15:01', '2025-05-02 12:37:12', '176.15.165.55');

--
-- ╨Ш╨╜╨┤╨╡╨║╤Б╤Л ╤Б╨╛╤Е╤А╨░╨╜╤С╨╜╨╜╤Л╤Е ╤В╨░╨▒╨╗╨╕╤Ж
--

--
-- ╨Ш╨╜╨┤╨╡╨║╤Б╤Л ╤В╨░╨▒╨╗╨╕╤Ж╤Л `banned_ips`
--
ALTER TABLE `banned_ips`
  ADD PRIMARY KEY (`id`),
  ADD UNIQUE KEY `ip_address` (`ip_address`),
  ADD KEY `banned_by` (`banned_by`);

--
-- ╨Ш╨╜╨┤╨╡╨║╤Б╤Л ╤В╨░╨▒╨╗╨╕╤Ж╤Л `categories`
--
ALTER TABLE `categories`
  ADD PRIMARY KEY (`category_id`);

--
-- ╨Ш╨╜╨┤╨╡╨║╤Б╤Л ╤В╨░╨▒╨╗╨╕╤Ж╤Л `comments`
--
ALTER TABLE `comments`
  ADD PRIMARY KEY (`comment_id`),
  ADD KEY `post_id` (`post_id`),
  ADD KEY `user_id` (`user_id`);

--
-- ╨Ш╨╜╨┤╨╡╨║╤Б╤Л ╤В╨░╨▒╨╗╨╕╤Ж╤Л `comment_bans`
--
ALTER TABLE `comment_bans`
  ADD PRIMARY KEY (`id`),
  ADD KEY `ip` (`ip`);

--
-- ╨Ш╨╜╨┤╨╡╨║╤Б╤Л ╤В╨░╨▒╨╗╨╕╤Ж╤Л `likes`
--
ALTER TABLE `likes`
  ADD PRIMARY KEY (`like_id`),
  ADD UNIQUE KEY `unique_like` (`post_id`,`user_id`),
  ADD KEY `user_id` (`user_id`);

--
-- ╨Ш╨╜╨┤╨╡╨║╤Б╤Л ╤В╨░╨▒╨╗╨╕╤Ж╤Л `posts`
--
ALTER TABLE `posts`
  ADD PRIMARY KEY (`post_id`),
  ADD KEY `fk_user_id` (`user_id`),
  ADD KEY `fk_category_id` (`category_id`);

--
-- ╨Ш╨╜╨┤╨╡╨║╤Б╤Л ╤В╨░╨▒╨╗╨╕╤Ж╤Л `role_requests`
--
ALTER TABLE `role_requests`
  ADD PRIMARY KEY (`request_id`),
  ADD KEY `user_id` (`user_id`);

--
-- ╨Ш╨╜╨┤╨╡╨║╤Б╤Л ╤В╨░╨▒╨╗╨╕╤Ж╤Л `suggestions`
--
ALTER TABLE `suggestions`
  ADD PRIMARY KEY (`suggestion_id`),
  ADD KEY `user_id` (`user_id`);

--
-- ╨Ш╨╜╨┤╨╡╨║╤Б╤Л ╤В╨░╨▒╨╗╨╕╤Ж╤Л `users`
--
ALTER TABLE `users`
  ADD PRIMARY KEY (`user_id`),
  ADD UNIQUE KEY `username` (`username`);

--
-- AUTO_INCREMENT ╨┤╨╗╤П ╤Б╨╛╤Е╤А╨░╨╜╤С╨╜╨╜╤Л╤Е ╤В╨░╨▒╨╗╨╕╤Ж
--

--
-- AUTO_INCREMENT ╨┤╨╗╤П ╤В╨░╨▒╨╗╨╕╤Ж╤Л `banned_ips`
--
ALTER TABLE `banned_ips`
  MODIFY `id` int NOT NULL AUTO_INCREMENT, AUTO_INCREMENT=9;

--
-- AUTO_INCREMENT ╨┤╨╗╤П ╤В╨░╨▒╨╗╨╕╤Ж╤Л `categories`
--
ALTER TABLE `categories`
  MODIFY `category_id` int NOT NULL AUTO_INCREMENT, AUTO_INCREMENT=6;

--
-- AUTO_INCREMENT ╨┤╨╗╤П ╤В╨░╨▒╨╗╨╕╤Ж╤Л `comments`
--
ALTER TABLE `comments`
  MODIFY `comment_id` int NOT NULL AUTO_INCREMENT, AUTO_INCREMENT=5348;

--
-- AUTO_INCREMENT ╨┤╨╗╤П ╤В╨░╨▒╨╗╨╕╤Ж╤Л `comment_bans`
--
ALTER TABLE `comment_bans`
  MODIFY `id` int NOT NULL AUTO_INCREMENT, AUTO_INCREMENT=8;

--
-- AUTO_INCREMENT ╨┤╨╗╤П ╤В╨░╨▒╨╗╨╕╤Ж╤Л `likes`
--
ALTER TABLE `likes`
  MODIFY `like_id` int NOT NULL AUTO_INCREMENT, AUTO_INCREMENT=52;

--
-- AUTO_INCREMENT ╨┤╨╗╤П ╤В╨░╨▒╨╗╨╕╤Ж╤Л `posts`
--
ALTER TABLE `posts`
  MODIFY `post_id` int NOT NULL AUTO_INCREMENT, AUTO_INCREMENT=46;

--
-- AUTO_INCREMENT ╨┤╨╗╤П ╤В╨░╨▒╨╗╨╕╤Ж╤Л `role_requests`
--
ALTER TABLE `role_requests`
  MODIFY `request_id` int NOT NULL AUTO_INCREMENT, AUTO_INCREMENT=17;

--
-- AUTO_INCREMENT ╨┤╨╗╤П ╤В╨░╨▒╨╗╨╕╤Ж╤Л `suggestions`
--
ALTER TABLE `suggestions`
  MODIFY `suggestion_id` int NOT NULL AUTO_INCREMENT, AUTO_INCREMENT=15;

--
-- AUTO_INCREMENT ╨┤╨╗╤П ╤В╨░╨▒╨╗╨╕╤Ж╤Л `users`
--
ALTER TABLE `users`
  MODIFY `user_id` int NOT NULL AUTO_INCREMENT, AUTO_INCREMENT=5455;

--
-- ╨Ю╨│╤А╨░╨╜╨╕╤З╨╡╨╜╨╕╤П ╨▓╨╜╨╡╤И╨╜╨╡╨│╨╛ ╨║╨╗╤О╤З╨░ ╤Б╨╛╤Е╤А╨░╨╜╨╡╨╜╨╜╤Л╤Е ╤В╨░╨▒╨╗╨╕╤Ж
--

--
-- ╨Ю╨│╤А╨░╨╜╨╕╤З╨╡╨╜╨╕╤П ╨▓╨╜╨╡╤И╨╜╨╡╨│╨╛ ╨║╨╗╤О╤З╨░ ╤В╨░╨▒╨╗╨╕╤Ж╤Л `banned_ips`
--
ALTER TABLE `banned_ips`
  ADD CONSTRAINT `banned_ips_ibfk_1` FOREIGN KEY (`banned_by`) REFERENCES `users` (`user_id`) ON DELETE SET NULL;

--
-- ╨Ю╨│╤А╨░╨╜╨╕╤З╨╡╨╜╨╕╤П ╨▓╨╜╨╡╤И╨╜╨╡╨│╨╛ ╨║╨╗╤О╤З╨░ ╤В╨░╨▒╨╗╨╕╤Ж╤Л `likes`
--
ALTER TABLE `likes`
  ADD CONSTRAINT `fk_likes_posts` FOREIGN KEY (`post_id`) REFERENCES `posts` (`post_id`) ON DELETE CASCADE,
  ADD CONSTRAINT `fk_likes_users` FOREIGN KEY (`user_id`) REFERENCES `users` (`user_id`) ON DELETE CASCADE;

--
-- ╨Ю╨│╤А╨░╨╜╨╕╤З╨╡╨╜╨╕╤П ╨▓╨╜╨╡╤И╨╜╨╡╨│╨╛ ╨║╨╗╤О╤З╨░ ╤В╨░╨▒╨╗╨╕╤Ж╤Л `posts`
--
ALTER TABLE `posts`
  ADD CONSTRAINT `fk_category_id` FOREIGN KEY (`category_id`) REFERENCES `categories` (`category_id`) ON DELETE SET NULL;

--
-- ╨Ю╨│╤А╨░╨╜╨╕╤З╨╡╨╜╨╕╤П ╨▓╨╜╨╡╤И╨╜╨╡╨│╨╛ ╨║╨╗╤О╤З╨░ ╤В╨░╨▒╨╗╨╕╤Ж╤Л `role_requests`
--
ALTER TABLE `role_requests`
  ADD CONSTRAINT `role_requests_ibfk_1` FOREIGN KEY (`user_id`) REFERENCES `users` (`user_id`);

--
-- ╨Ю╨│╤А╨░╨╜╨╕╤З╨╡╨╜╨╕╤П ╨▓╨╜╨╡╤И╨╜╨╡╨│╨╛ ╨║╨╗╤О╤З╨░ ╤В╨░╨▒╨╗╨╕╤Ж╤Л `suggestions`
--
ALTER TABLE `suggestions`
  ADD CONSTRAINT `suggestions_ibfk_1` FOREIGN KEY (`user_id`) REFERENCES `users` (`user_id`) ON DELETE CASCADE;
COMMIT;

/*!40101 SET CHARACTER_SET_CLIENT=@OLD_CHARACTER_SET_CLIENT */;
/*!40101 SET CHARACTER_SET_RESULTS=@OLD_CHARACTER_SET_RESULTS */;
/*!40101 SET COLLATION_CONNECTION=@OLD_COLLATION_CONNECTION */;
